#CODE;ENGLISH;FRENCH;GERMAN;;SPANISH;;;;;;;;;x
b_tera_NE;Tera;;;;;;;;;x
b_tillaberi_NE;Tillaberi;;;;;;;;;x
b_ayourou_NE;Ayourou;;;;;;;;;x
b_bankilare_NE;Bankilare;;;;;;;;;x
b_anzourou_NE;Anzourou;;;;;;;;;x
b_dargol_NE;Dargol;;;;;;;;;x
b_gotheye_NE;Gotheye;;;;;;;;;x
b_bani_bangou_NE;Bani Bangou;;;;;;;;;x
b_ouallam_NE;Ouallam;;;;;;;;;x
b_dingazi_NE;Dingazi;;;;;;;;;x
b_tondikiwindi_NE;Tondikiwindi;;;;;;;;;x
b_simiri_NE;Simiri;;;;;;;;;x
b_siwili_NE;Siwili;;;;;;;;;x
b_gatwan_NE;Gatwan;;;;;;;;;x
b_tondikandia_NE;Tondikandia;;;;;;;;;x
b_filingue_NE;Filingue;;;;;;;;;x
b_kourfey_NE;Kourfey;;;;;;;;;x
b_bonkoukou_NE;Bonkoukou;;;;;;;;;x
b_tabala_NE;Tabala;;;;;;;;;x
b_baleyara_NE;Baleyara;;;;;;;;;x
b_ekrafane_NE;Ekrafane;;;;;;;;;x
b_kollo_NE;Kollo;;;;;;;;;x
b_niamey_NE;Niamey;;;;;;;;;x
b_soudoure_NE;Soudoure;;;;;;;;;x
b_koure_NE;Koure;;;;;;;;;x
b_lamorde_NE;Lamorde;;;;;;;;;x
b_gamkalle_NE;Gamkalle;;;;;;;;;x
b_yantala_NE;Yantala;;;;;;;;;x
b_gaweye_NE;Gaweye;;;;;;;;;x
b_say_NE;Say;;;;;;;;;x
b_gueladjo_NE;Gueladjo;;;;;;;;;x
b_torodi_NE;Torodi;;;;;;;;;x
b_tamou_NE;Tamou;;;;;;;;;x
b_kirtachi_NE;Kirtachi;;;;;;;;;x
b_djiliki_NE;Djiliki;;;;;;;;;x
b_dyantyano_NE;Dyantyano;;;;;;;;;x
b_gaya_NE;Gaya;;;;;;;;;x
b_dosso_NE;Dosso;;;;;;;;;x
b_birni_ngaoure_NE;Birni Ngaoure;;;;;;;;;x
b_falmey_NE;Falmey;;;;;;;;;x
b_dioundiou_NE;Dioundiou;;;;;;;;;x
b_tenda_NE;Tenda;;;;;;;;;x
b_dey_tegui_niondou_NE;Dey Tegui Niondou;;;;;;;;;x
b_loga_NE;Loga;;;;;;;;;x
b_dogondoutchi_NE;Dogondoutchi;;;;;;;;;x
b_tibiri_NE;Tibiri;;;;;;;;;x
b_kore_mairoua_NE;Kore Mairoua;;;;;;;;;x
b_goubey_NE;Goubey;;;;;;;;;x
b_liguido_NE;Liguido;;;;;;;;;x
b_kieche_NE;Kieche;;;;;;;;;x
b_illela_NE;Illela;;;;;;;;;x
b_birni_nkonni_NE;Birni Nkonni;;;;;;;;;x
b_tsernaoua_NE;Tsernaoua;;;;;;;;;x
b_badegucheri_NE;Badegucheri;;;;;;;;;x
b_saleoua_NE;Saleoua;;;;;;;;;x
b_moujia_NE;Moujia;;;;;;;;;x
b_dabnou_NE;Dabnou;;;;;;;;;x
b_kalkou_NE;Kalkou;;;;;;;;;x
b_tahoua_NE;Tahoua;;;;;;;;;x
b_bambay_NE;Bambay;;;;;;;;;x
b_tebarat_NE;Tebarat;;;;;;;;;x
b_founkouey_NE;Founkouey;;;;;;;;;x
b_kaloma_NE;Kaloma;;;;;;;;;x
b_sabon_gari_NE;Sabon Gari;;;;;;;;;x
b_keita_NE;Keita;;;;;;;;;x
b_madaoua_NE;Madaoua;;;;;;;;;x
b_bouza_NE;Bouza;;;;;;;;;x
b_ibrohamane_NE;Ibrohamane;;;;;;;;;x
b_galmi_NE;Galmi;;;;;;;;;x
b_game_NE;Game;;;;;;;;;x
b_amasse_NE;Amasse;;;;;;;;;x
b_abalak_NE;Abalak;;;;;;;;;x
b_ibessetene_NE;Ibessetene;;;;;;;;;x
b_akibenou_NE;Akibenou;;;;;;;;;x
b_afissaouan_NE;Afissaouan;;;;;;;;;x
b_kafate_NE;Kafate;;;;;;;;;x
b_tabalakh_NE;Tabalakh;;;;;;;;;x
b_tchintabaraden_NE;Tchintabaraden;;;;;;;;;x
b_tassara_NE;Tassara;;;;;;;;;x
b_taza_NE;Taza;;;;;;;;;x
b_kao_NE;Kao;;;;;;;;;x
b_tilia_NE;Tilia;;;;;;;;;x
b_assassa_NE;Assassa;;;;;;;;;x
b_guidan_roumdji_NE;Guidan Roumdji;;;;;;;;;x
b_maradi_NE;Maradi;;;;;;;;;x
b_madarounfa_NE;Madarounfa;;;;;;;;;x
b_sarkin_yamma_NE;Sarkin Yamma;;;;;;;;;x
b_chadakori_NE;Chadakori;;;;;;;;;x
b_djiratawa_NE;Djiratawa;;;;;;;;;x
b_oubandawaki_alfacha_NE;Oubandawaki Alfacha;;;;;;;;;x
b_dakoro_NE;Dakoro;;;;;;;;;x
b_kornaka_NE;Kornaka;;;;;;;;;x
b_daramousso_NE;Daramousso;;;;;;;;;x
b_farara_NE;Farara;;;;;;;;;x
b_ajia_ibrahim_NE;Ajia Ibrahim;;;;;;;;;x
b_goundoumawa_NE;Goundoumawa;;;;;;;;;x
b_atalabawa_NE;Atalabawa;;;;;;;;;x
b_mayahi_NE;Mayahi;;;;;;;;;x
b_tchadoua_NE;Tchadoua;;;;;;;;;x
b_margargari_NE;Margargari;;;;;;;;;x
b_kotare_NE;Kotare;;;;;;;;;x
b_dan_baba_NE;Dan Baba;;;;;;;;;x
b_nanaya_NE;Nanaya;;;;;;;;;x
b_gidan_bawa_NE;Gidan Bawa;;;;;;;;;x
b_aguie_NE;Aguie;;;;;;;;;x
b_tessaoua_NE;Tessaoua;;;;;;;;;x
b_ourafane_NE;Ourafane;;;;;;;;;x
b_hawandawaki_NE;Hawandawaki;;;;;;;;;x
b_issawane_NE;Issawane;;;;;;;;;x
b_gababedji_NE;Gababedji;;;;;;;;;x
b_korgom_NE;Korgom;;;;;;;;;x
b_magaria_NE;Magaria;;;;;;;;;x
b_matameye_NE;Matameye;;;;;;;;;x
b_kantche_NE;Kantche;;;;;;;;;x
b_dogo_dogo_NE;Dogo Dogo;;;;;;;;;x
b_dan_barto_NE;Dan Barto;;;;;;;;;x
b_tsaouni_NE;Tsaouni;;;;;;;;;x
b_bakoraouni_NE;Bakoraouni;;;;;;;;;x
b_birni_NE;Birni;;;;;;;;;x
b_zinder_NE;Zinder;;;;;;;;;x
b_mirriah_NE;Mirriah;;;;;;;;;x
b_sassoumbroum_NE;Sassoumbroum;;;;;;;;;x
b_ichirnawa_NE;Ichirnawa;;;;;;;;;x
b_garagoumsa_NE;Garagoumsa;;;;;;;;;x
b_babantabki_NE;Babantabki;;;;;;;;;x
b_zermou_NE;Zermou;;;;;;;;;x
b_tanout_NE;Tanout;;;;;;;;;x
b_falenko_NE;Falenko;;;;;;;;;x
b_oleleoua_NE;Oleleoua;;;;;;;;;x
b_sabon_kafi_NE;Sabon Kafi;;;;;;;;;x
b_bakin_birji_NE;Bakin Birji;;;;;;;;;x
b_guezaoua_NE;Guezaoua;;;;;;;;;x
b_belbedji_NE;Belbedji;;;;;;;;;x
b_goure_NE;Goure;;;;;;;;;x
b_gouchi_NE;Gouchi;;;;;;;;;x
b_kelle_NE;Kelle;;;;;;;;;x
b_guidiguir_NE;Guidiguir;;;;;;;;;x
b_moa_NE;Moa;;;;;;;;;x
b_boune_NE;Boune;;;;;;;;;x
b_gamou_NE;Gamou;;;;;;;;;x
b_maine_soroa_NE;Maine Soroa;;;;;;;;;x
b_goudoumaria_NE;Goudoumaria;;;;;;;;;x
b_dungass_NE;Dungass;;;;;;;;;x
b_bouli_NE;Bouli;;;;;;;;;x
b_addia_NE;Addia;;;;;;;;;x
b_zoumba_NE;Zoumba;;;;;;;;;x
b_kagniouakoura_NE;Kagniouakoura;;;;;;;;;x
b_diffa_NE;Diffa;;;;;;;;;x
b_kablewa_NE;Kablewa;;;;;;;;;x
b_toumour_NE;Toumour;;;;;;;;;x
b_chetimari_NE;Chetimari;;;;;;;;;x
b_bosso_NE;Bosso;;;;;;;;;x
b_gueskerou_NE;Gueskerou;;;;;;;;;x
b_nguelbely_NE;Nguelbely;;;;;;;;;x
b_nguigmi_NE;Nguigmi;;;;;;;;;x
b_ngourti_NE;Ngourti;;;;;;;;;x
b_djibri_NE;Djibri;;;;;;;;;x
b_garoumale_NE;Garoumale;;;;;;;;;x
b_galaidi_NE;Galaidi;;;;;;;;;x
b_diakime_NE;Diakime;;;;;;;;;x
b_mamouri_NE;Mamouri;;;;;;;;;x
b_tchirozerine_NE;Tchirozerine;;;;;;;;;x
b_agadez_NE;Agadez;;;;;;;;;x
b_in_gall_NE;In Gall;;;;;;;;;x
b_teguidda_ntessoumt_NE;Teguidda Ntessoumt;;;;;;;;;x
b_aderbissinat_NE;Aderbissinat;;;;;;;;;x
b_takedda_NE;Takedda;;;;;;;;;x
b_dabaga_NE;Dabaga;;;;;;;;;x
b_arlit_NE;Arlit;;;;;;;;;x
b_gougaram_NE;Gougaram;;;;;;;;;x
b_dannet_NE;Dannet;;;;;;;;;x
b_assamaka_NE;Assamaka;;;;;;;;;x
b_iferouane_NE;Iferouane;;;;;;;;;x
b_imouraren_NE;Imouraren;;;;;;;;;x
b_assode_NE;Assode;;;;;;;;;x
b_akjoujt_MR;Akjoujt;;;;;;;;;x
b_hay_bichate_EH;Hay Bichate;;;;;;;;;x
b_doueire_MR;Doueire;;;;;;;;;x
b_agounit_EH;Agounit;;;;;;;;;x
b_gore_TD;Gore;;;;;;;;;x
b_doba_TD;Doba;;;;;;;;;x
b_bebedjia_TD;Bebedjia;;;;;;;;;x
b_beboto_TD;Beboto;;;;;;;;;x
b_kome_TD;Kome;;;;;;;;;x
b_yamodo_TD;Yamodo;;;;;;;;;x
b_miandoum_TD;Miandoum;;;;;;;;;x
b_baibokoum_TD;Baibokoum;;;;;;;;;x
b_bessao_TD;Bessao;;;;;;;;;x
b_mbaikoro_TD;Mbaikoro;;;;;;;;;x
b_laramanaye_TD;Laramanaye;;;;;;;;;x
b_mbitoye_TD;Mbitoye;;;;;;;;;x
b_doap_TD;Doap;;;;;;;;;x
b_baybo_TD;Baybo;;;;;;;;;x
b_krim_krim_TD;Krim Krim;;;;;;;;;x
b_moundou_TD;Moundou;;;;;;;;;x
b_beinamar_TD;Beinamar;;;;;;;;;x
b_soloum_TD;Soloum;;;;;;;;;x
b_mbalkabra_TD;Mbalkabra;;;;;;;;;x
b_dokou_TD;Dokou;;;;;;;;;x
b_kolom_TD;Kolom;;;;;;;;;x
b_bebalem_TD;Bebalem;;;;;;;;;x
b_benoye_TD;Benoye;;;;;;;;;x
b_saar_gogne_TD;Saar Gogne;;;;;;;;;x
b_bekiri_TD;Bekiri;;;;;;;;;x
b_laoukassy_TD;Laoukassy;;;;;;;;;x
b_ngondong_TD;Ngondong;;;;;;;;;x
b_deli_TD;Deli;;;;;;;;;x
b_pala_TD;Pala;;;;;;;;;x
b_gounou_gaya_TD;Gounou Gaya;;;;;;;;;x
b_fianga_TD;Fianga;;;;;;;;;x
b_torrock_TD;Torrock;;;;;;;;;x
b_guegou_TD;Guegou;;;;;;;;;x
b_lagon_TD;Lagon;;;;;;;;;x
b_binder_TD;Binder;;;;;;;;;x
b_bongor_TD;Bongor;;;;;;;;;x
b_moulkou_TD;Moulkou;;;;;;;;;x
b_koyom_TD;Koyom;;;;;;;;;x
b_rigaza_TD;Rigaza;;;;;;;;;x
b_samga_TD;Samga;;;;;;;;;x
b_kim_TD;Kim;;;;;;;;;x
b_ngam_TD;Ngam;;;;;;;;;x
b_guelendeng_TD;Guelendeng;;;;;;;;;x
b_nanguigoto_TD;Nanguigoto;;;;;;;;;x
b_katoa_TD;Katoa;;;;;;;;;x
b_ogol_TD;Ogol;;;;;;;;;x
b_boudougour_TD;Boudougour;;;;;;;;;x
b_afata_TD;Afata;;;;;;;;;x
b_morde_TD;Morde;;;;;;;;;x
b_lai_TD;Lai;;;;;;;;;x
b_kelo_TD;Kelo;;;;;;;;;x
b_deressia_TD;Deressia;;;;;;;;;x
b_baktchoro_TD;Baktchoro;;;;;;;;;x
b_dono_manga_TD;Dono Manga;;;;;;;;;x
b_dafra_TD;Dafra;;;;;;;;;x
b_guidari_TD;Guidari;;;;;;;;;x
b_tchilili_TD;Tchilili;;;;;;;;;x
b_bousso_TD;Bousso;;;;;;;;;x
b_lairi_TD;Lairi;;;;;;;;;x
b_la_loumia_TD;La Loumia;;;;;;;;;x
b_rakya_TD;Rakya;;;;;;;;;x
b_bilere_TD;Bilere;;;;;;;;;x
b_djomina_TD;Djomina;;;;;;;;;x
b_dourbali_TD;Dourbali;;;;;;;;;x
b_massenya_TD;Massenya;;;;;;;;;x
b_bogomoro_TD;Bogomoro;;;;;;;;;x
b_mai_aiche_TD;Mai Aiche;;;;;;;;;x
b_koundoul_TD;Koundoul;;;;;;;;;x
b_tereng_TD;Tereng;;;;;;;;;x
b_balao_badjoda_TD;Balao Badjoda;;;;;;;;;x
b_chagoua_TD;Chagoua;;;;;;;;;x
b_ndjamena_TD;Ndjamena;;;;;;;;;x
b_mandelia_TD;Mandelia;;;;;;;;;x
b_linia_TD;Linia;;;;;;;;;x
b_al_fas_TD;Al Fas;;;;;;;;;x
b_goutre_TD;Goutre;;;;;;;;;x
b_bomboyo_TD;Bomboyo;;;;;;;;;x
b_farcha_TD;Farcha;;;;;;;;;x
b_moito_TD;Moito;;;;;;;;;x
b_bokoro_TD;Bokoro;;;;;;;;;x
b_ngama_TD;Ngama;;;;;;;;;x
b_foro_TD;Foro;;;;;;;;;x
b_garada_TD;Garada;;;;;;;;;x
b_tiaouy_TD;Tiaouy;;;;;;;;;x
b_massalassef_TD;Massalassef;;;;;;;;;x
b_massaguet_TD;Massaguet;;;;;;;;;x
b_massakory_TD;Massakory;;;;;;;;;x
b_tourba_TD;Tourba;;;;;;;;;x
b_geleri_TD;Geleri;;;;;;;;;x
b_bachoum_TD;Bachoum;;;;;;;;;x
b_moutenak_TD;Moutenak;;;;;;;;;x
b_ouroula_TD;Ouroula;;;;;;;;;x
b_doum_doum_TD;Doum Doum;;;;;;;;;x
b_ngouri_TD;Ngouri;;;;;;;;;x
b_kangalam_TD;Kangalam;;;;;;;;;x
b_tipsi_TD;Tipsi;;;;;;;;;x
b_reria_TD;Reria;;;;;;;;;x
b_melia_TD;Melia;;;;;;;;;x
b_lafia_TD;Lafia;;;;;;;;;x
b_mondo_TD;Mondo;;;;;;;;;x
b_am_doback_TD;Am Doback;;;;;;;;;x
b_graoudou_TD;Graoudou;;;;;;;;;x
b_am_kouyouk_TD;Am Kouyouk;;;;;;;;;x
b_aoungete_TD;Aoungete;;;;;;;;;x
b_tomot_TD;Tomot;;;;;;;;;x
b_amout_TD;Amout;;;;;;;;;x
b_bagassola_TD;Bagassola;;;;;;;;;x
b_bol_TD;Bol;;;;;;;;;x
b_femi_TD;Femi;;;;;;;;;x
b_maou_TD;Maou;;;;;;;;;x
b_kaouda_TD;Kaouda;;;;;;;;;x
b_bodou_koura_TD;Bodou Koura;;;;;;;;;x
b_matafo_TD;Matafo;;;;;;;;;x
b_logone_et_chari;Logone Et Chari;;;;;;;;;x
b_sava;Sava;;;;;;;;;x
b_tsanaga;Tsanaga;;;;;;;;;x
b_diamare;Diamare;;;;;;;;;x
b_kani;Kani;;;;;;;;;x
b_danay;Danay;;;;;;;;;x
b_chinguil_TD;Chinguil;;;;;;;;;x
b_ibir_TD;Ibir;;;;;;;;;x
b_eref_TD;Eref;;;;;;;;;x
b_zan_TD;Zan;;;;;;;;;x
b_djinekir_TD;Djinekir;;;;;;;;;x
b_mokofi_TD;Mokofi;;;;;;;;;x
b_melfi_TD;Melfi;;;;;;;;;x
b_gogmi_TD;Gogmi;;;;;;;;;x
b_alouna_TD;Alouna;;;;;;;;;x
b_dangai_TD;Dangai;;;;;;;;;x
b_chobo_TD;Chobo;;;;;;;;;x
b_am_karouma_TD;Am Karouma;;;;;;;;;x
b_sesse_TD;Sesse;;;;;;;;;x
b_bitkine_TD;Bitkine;;;;;;;;;x
b_doli_TD;Doli;;;;;;;;;x
b_tialo_ibeda_TD;Tialo Ibeda;;;;;;;;;x
b_temki_TD;Temki;;;;;;;;;x
b_boukouyou_TD;Boukouyou;;;;;;;;;x
b_kerkena_TD;Kerkena;;;;;;;;;x
b_fielme_TD;Fielme;;;;;;;;;x
b_mangalme_TD;Mangalme;;;;;;;;;x
b_mongo_TD;Mongo;;;;;;;;;x
b_niergui_TD;Niergui;;;;;;;;;x
b_bitchotchi_TD;Bitchotchi;;;;;;;;;x
b_araka_TD;Araka;;;;;;;;;x
b_abrech_TD;Abrech;;;;;;;;;x
b_chaten_TD;Chaten;;;;;;;;;x
b_kyabe_TD;Kyabe;;;;;;;;;x
b_bohobe_TD;Bohobe;;;;;;;;;x
b_boum_kebbir_TD;Boum Kebbir;;;;;;;;;x
b_roukou_TD;Roukou;;;;;;;;;x
b_baltoubaye_TD;Baltoubaye;;;;;;;;;x
b_dindjebo_TD;Dindjebo;;;;;;;;;x
b_singako_TD;Singako;;;;;;;;;x
b_moussa_foyo_TD;Moussa Foyo;;;;;;;;;x
b_sarh_TD;Sarh;;;;;;;;;x
b_korbol_TD;Korbol;;;;;;;;;x
b_koumogo_TD;Koumogo;;;;;;;;;x
b_balimba_TD;Balimba;;;;;;;;;x
b_mbaigoro_TD;Mbaigoro;;;;;;;;;x
b_manda_TD;Manda;;;;;;;;;x
b_maro_TD;Maro;;;;;;;;;x
b_sido_TD;Sido;;;;;;;;;x
b_danamadji_TD;Danamadji;;;;;;;;;x
b_djeke_djeke_TD;Djeke Djeke;;;;;;;;;x
b_gakorio_TD;Gakorio;;;;;;;;;x
b_beguide_TD;Beguide;;;;;;;;;x
b_modkion_TD;Modkion;;;;;;;;;x
b_bedjondo_TD;Bedjondo;;;;;;;;;x
b_koumra_TD;Koumra;;;;;;;;;x
b_bebopen_TD;Bebopen;;;;;;;;;x
b_ngangara_TD;Ngangara;;;;;;;;;x
b_goundi_TD;Goundi;;;;;;;;;x
b_mouroum_goulaye_TD;Mouroum Goulaye;;;;;;;;;x
b_bekamba_TD;Bekamba;;;;;;;;;x
b_moissala_TD;Moissala;;;;;;;;;x
b_dembo_TD;Dembo;;;;;;;;;x
b_bouna_TD;Bouna;;;;;;;;;x
b_bekourou_TD;Bekourou;;;;;;;;;x
b_delingala_TD;Delingala;;;;;;;;;x
b_koldaga_TD;Koldaga;;;;;;;;;x
b_baga_TD;Baga;;;;;;;;;x
b_aboudeia_TD;Aboudeia;;;;;;;;;x
b_abgue_TD;Abgue;;;;;;;;;x
b_am_habile_TD;Am Habile;;;;;;;;;x
b_el_hidjer_TD;El Hidjer;;;;;;;;;x
b_agrap_TD;Agrap;;;;;;;;;x
b_gousay_TD;Gousay;;;;;;;;;x
b_derader_TD;Derader;;;;;;;;;x
b_cotonfran_TD;Cotonfran;;;;;;;;;x
b_am_timan_TD;Am Timan;;;;;;;;;x
b_djouna_TD;Djouna;;;;;;;;;x
b_mouraye_TD;Mouraye;;;;;;;;;x
b_goz_djerat_TD;Goz Djerat;;;;;;;;;x
b_merer_TD;Merer;;;;;;;;;x
b_kieke_TD;Kieke;;;;;;;;;x
b_mangueigne_TD;Mangueigne;;;;;;;;;x
b_haraze_TD;Haraze;;;;;;;;;x
b_daha_TD;Daha;;;;;;;;;x
b_salma_TD;Salma;;;;;;;;;x
b_kouga_TD;Kouga;;;;;;;;;x
b_doudei_TD;Doudei;;;;;;;;;x
b_am_seri_TD;Am Seri;;;;;;;;;x
b_goz_beida_TD;Goz Beida;;;;;;;;;x
b_koukou_angarana_TD;Koukou Angarana;;;;;;;;;x
b_tissi_TD;Tissi;;;;;;;;;x
b_ade_TD;Ade;;;;;;;;;x
b_mogororo_TD;Mogororo;;;;;;;;;x
b_kerfi_TD;Kerfi;;;;;;;;;x
b_moudeina_TD;Moudeina;;;;;;;;;x
b_am_dam_TD;Am Dam;;;;;;;;;x
b_magrane_TD;Magrane;;;;;;;;;x
b_haouich_TD;Haouich;;;;;;;;;x
b_am_siheb_TD;Am Siheb;;;;;;;;;x
b_alfouro_TD;Alfouro;;;;;;;;;x
b_siref_TD;Siref;;;;;;;;;x
b_abdier_TD;Abdier;;;;;;;;;x
b_abdi_TD;Abdi;;;;;;;;;x
b_adre_TD;Adre;;;;;;;;;x
b_hadjer_hadid_TD;Hadjer Hadid;;;;;;;;;x
b_mabrone_TD;Mabrone;;;;;;;;;x
b_borota_TD;Borota;;;;;;;;;x
b_molou_TD;Molou;;;;;;;;;x
b_tourane_TD;Tourane;;;;;;;;;x
b_chokoyan_TD;Chokoyan;;;;;;;;;x
b_abeche_TD;Abeche;;;;;;;;;x
b_abougoudam_TD;Abougoudam;;;;;;;;;x
b_bourtail_TD;Bourtail;;;;;;;;;x
b_amleyouna_TD;Amleyouna;;;;;;;;;x
b_marfa_TD;Marfa;;;;;;;;;x
b_atilo_TD;Atilo;;;;;;;;;x
b_guereda_TD;Guereda;;;;;;;;;x
b_kolonga_TD;Kolonga;;;;;;;;;x
b_sirim_birke_TD;Sirim Birke;;;;;;;;;x
b_goundo_TD;Goundo;;;;;;;;;x
b_koulbous_TD;Koulbous;;;;;;;;;x
b_kounoungo_TD;Kounoungo;;;;;;;;;x
b_douay_TD;Douay;;;;;;;;;x
b_iriba_TD;Iriba;;;;;;;;;x
b_matadjana_TD;Matadjana;;;;;;;;;x
b_tine_TD;Tine;;;;;;;;;x
b_djagaraba_TD;Djagaraba;;;;;;;;;x
b_hilit_TD;Hilit;;;;;;;;;x
b_warkey_TD;Warkey;;;;;;;;;x
b_homba_TD;Homba;;;;;;;;;x
b_arada_TD;Arada;;;;;;;;;x
b_biltine_TD;Biltine;;;;;;;;;x
b_am_zoer_TD;Am Zoer;;;;;;;;;x
b_mata_TD;Mata;;;;;;;;;x
b_gourouf_TD;Gourouf;;;;;;;;;x
b_lotour_TD;Lotour;;;;;;;;;x
b_torou_TD;Torou;;;;;;;;;x
b_oum_hadjer_TD;Oum Hadjer;;;;;;;;;x
b_assinet_TD;Assinet;;;;;;;;;x
b_haraze_djombo_kibet_TD;Haraze Djombo Kibet;;;;;;;;;x
b_am_sack_TD;Am Sack;;;;;;;;;x
b_igile_TD;Igile;;;;;;;;;x
b_al_kaba_TD;Al Kaba;;;;;;;;;x
b_abou_ndanane_TD;Abou Ndanane;;;;;;;;;x
b_yao_TD;Yao;;;;;;;;;x
b_am_djenaba_TD;Am Djenaba;;;;;;;;;x
b_raska_TD;Raska;;;;;;;;;x
b_al_haouia_TD;Al Haouia;;;;;;;;;x
b_moulyo_TD;Moulyo;;;;;;;;;x
b_lag_lakha_TD;Lag Lakha;;;;;;;;;x
b_masbala_TD;Masbala;;;;;;;;;x
b_koundjourou_TD;Koundjourou;;;;;;;;;x
b_ati_TD;Ati;;;;;;;;;x
b_djedda_TD;Djedda;;;;;;;;;x
b_hidjelidje_TD;Hidjelidje;;;;;;;;;x
b_zelba_TD;Zelba;;;;;;;;;x
b_am_brahim_TD;Am Brahim;;;;;;;;;x
b_lemka_TD;Lemka;;;;;;;;;x
b_chadra_TD;Chadra;;;;;;;;;x
b_moussoro_TD;Moussoro;;;;;;;;;x
b_salal_TD;Salal;;;;;;;;;x
b_dourgoulanga_TD;Dourgoulanga;;;;;;;;;x
b_michemire_TD;Michemire;;;;;;;;;x
b_molokh_lifi_TD;Molokh Lifi;;;;;;;;;x
b_dalok_TD;Dalok;;;;;;;;;x
b_nokou_TD;Nokou;;;;;;;;;x
b_mao_TD;Mao;;;;;;;;;x
b_rig_rig_TD;Rig Rig;;;;;;;;;x
b_kekedina_TD;Kekedina;;;;;;;;;x
b_ntiona_TD;Ntiona;;;;;;;;;x
b_ziguey_TD;Ziguey;;;;;;;;;x
b_wadjigui_TD;Wadjigui;;;;;;;;;x
b_amdjarass_TD;Amdjarass;;;;;;;;;x
b_fada_TD;Fada;;;;;;;;;x
b_ounianga_kebir_TD;Ounianga Kebir;;;;;;;;;x
b_bahai_TD;Bahai;;;;;;;;;x
b_kalait_TD;Kalait;;;;;;;;;x
b_wadi_hawar_TD;Wadi Hawar;;;;;;;;;x
b_bao_TD;Bao;;;;;;;;;x
b_faya_largeau_TD;Faya Largeau;;;;;;;;;x
b_kirdimi_TD;Kirdimi;;;;;;;;;x
b_gouro_TD;Gouro;;;;;;;;;x
b_koro_toro_TD;Koro Toro;;;;;;;;;x
b_yarda_TD;Yarda;;;;;;;;;x
b_kouba_olanga_TD;Kouba Olanga;;;;;;;;;x
b_zouar_TD;Zouar;;;;;;;;;x
b_bardai_TD;Bardai;;;;;;;;;x
b_wour_TD;Wour;;;;;;;;;x
b_yebbibou_TD;Yebbibou;;;;;;;;;x
b_goubonne_TD;Goubonne;;;;;;;;;x
b_zoumri_TD;Zoumri;;;;;;;;;x
b_aouzou_TD;Aouzou;;;;;;;;;x
b_bilma_NE;Bilma;;;;;;;;;x
b_djado_NE;Djado;;;;;;;;;x
b_dirkou_NE;Dirkou;;;;;;;;;x
b_fachi_NE;Fachi;;;;;;;;;x
b_aney_NE;Aney;;;;;;;;;x
b_chirfa_NE;Chirfa;;;;;;;;;x
b_timia_NE;Timia;;;;;;;;;x
b_king;King;;;;;;;;;x
b_eastman;Eastman;;;;;;;;;x
b_tubman;Tubman;;;;;;;;;x
b_grey;Grey;;;;;;;;;x
b_roberts;Roberts;;;;;;;;;x
b_quartey;Quartey;;;;;;;;;x
b_tagoe;Tagoe;;;;;;;;;x
b_hawkson;Hawkson;;;;;;;;;x
b_abohyen;Abohyen;;;;;;;;;x
b_agyemang;Agyemang;;;;;;;;;x
b_meheux;Meheux;;;;;;;;;x
b_lansana;Lansana;;;;;;;;;x
b_sesay;Sesay;;;;;;;;;x
b_parkes;Parkes;;;;;;;;;x
b_hamilton;Hamilton;;;;;;;;;x
b_pereira;Pereira;;;;;;;;;x
b_cabral;Cabral;;;;;;;;;x
b_furtado;Furtado;;;;;;;;;x
b_fortes;Fortes;;;;;;;;;x
b_silva;Silva;;;;;;;;;x
d_libertarian;Libertarian;;;;;;;;;x
k_catholic;Catholic;;;;;;;;;x
k_anglican;Anglican;;;;;;;;;x
e_usafrica;Usafrica;;;;;;;;;x
e_atlantia;Atlantia;;;;;;;;;x
b_pedra_de_lume_CV;Pedra De Lume;;;;;;;;;x
e_azania;Azania;;;;;;;;;x
k_namibia;Namibia;;;;;;;;;x
d_erongo;Erongo;;;;;;;;;x
b_langstrand_NA;Langstrand;;;;;;;;;x
b_walvis_bay_NA;Walvis Bay;;;;;;;;;x
b_dolfynstrand_NA;Dolfynstrand;;;;;;;;;x
b_utuseb_NA;Utuseb;;;;;;;;;x
b_rooibank_NA;Rooibank;;;;;;;;;x
b_kuisebmond_NA;Kuisebmond;;;;;;;;;x
b_pelican_point_NA;Pelican Point;;;;;;;;;x
b_swakopmund_NA;Swakopmund;;;;;;;;;x
b_arandis_NA;Arandis;;;;;;;;;x
b_henties_bay_NA;Henties Bay;;;;;;;;;x
b_vogelstrand_NA;Vogelstrand;;;;;;;;;x
b_vineta_NA;Vineta;;;;;;;;;x
b_mondesa_NA;Mondesa;;;;;;;;;x
b_tamariskia_NA;Tamariskia;;;;;;;;;x
b_uis_NA;Uis;;;;;;;;;x
b_okombahe_NA;Okombahe;;;;;;;;;x
b_omatjette_NA;Omatjette;;;;;;;;;x
b_ozondati_NA;Ozondati;;;;;;;;;x
b_tubusis_NA;Tubusis;;;;;;;;;x
b_odama_NA;Odama;;;;;;;;;x
b_omihana_NA;Omihana;;;;;;;;;x
b_karibib_NA;Karibib;;;;;;;;;x
b_omaruru_NA;Omaruru;;;;;;;;;x
b_wilhelmstal_NA;Wilhelmstal;;;;;;;;;x
b_usakos_NA;Usakos;;;;;;;;;x
b_otjimbingwe_NA;Otjimbingwe;;;;;;;;;x
b_etjo_NA;Etjo;;;;;;;;;x
b_tsaobis_NA;Tsaobis;;;;;;;;;x
d_khomas;Khomas;;;;;;;;;x
b_solitaire_NA;Solitaire;;;;;;;;;x
b_ruimte_NA;Ruimte;;;;;;;;;x
b_neuheusis_NA;Neuheusis;;;;;;;;;x
b_gamsberg_NA;Gamsberg;;;;;;;;;x
b_koireb_NA;Koireb;;;;;;;;;x
b_donkerhoek_NA;Donkerhoek;;;;;;;;;x
b_namibgrens_NA;Namibgrens;;;;;;;;;x
b_klein_windhoek_NA;Klein Windhoek;;;;;;;;;x
b_windhoek_NA;Windhoek;;;;;;;;;x
b_groot_aub_NA;Groot Aub;;;;;;;;;x
b_katutura_NA;Katutura;;;;;;;;;x
b_pionerspark_NA;Pionerspark;;;;;;;;;x
b_cimbebasia_NA;Cimbebasia;;;;;;;;;x
b_hakahana_NA;Hakahana;;;;;;;;;x
b_krumhuk_NA;Krumhuk;;;;;;;;;x
b_ondekaremba_NA;Ondekaremba;;;;;;;;;x
b_schlip_NA;Schlip;;;;;;;;;x
b_rehoboth_NA;Rehoboth;;;;;;;;;x
b_klein_aub_NA;Klein Aub;;;;;;;;;x
b_khauxas_NA;Khauxas;;;;;;;;;x
b_isabis_NA;Isabis;;;;;;;;;x
b_tsumis_NA;Tsumis;;;;;;;;;x
b_oanob_NA;Oanob;;;;;;;;;x
b_dordabis_NA;Dordabis;;;;;;;;;x
b_seeis_NA;Seeis;;;;;;;;;x
b_kleepforte_NA;Kleepforte;;;;;;;;;x
b_volmoed_NA;Volmoed;;;;;;;;;x
b_ibenstein_NA;Ibenstein;;;;;;;;;x
b_onganja_NA;Onganja;;;;;;;;;x
b_bodenhausen_NA;Bodenhausen;;;;;;;;;x
d_hardap;Hardap;;;;;;;;;x
b_mariental_NA;Mariental;;;;;;;;;x
b_strampriet_NA;Strampriet;;;;;;;;;x
b_kalkrand_NA;Kalkrand;;;;;;;;;x
b_hoachanas_NA;Hoachanas;;;;;;;;;x
b_uhlenhorst_NA;Uhlenhorst;;;;;;;;;x
b_derm_NA;Derm;;;;;;;;;x
b_blumfelde_NA;Blumfelde;;;;;;;;;x
b_duwisib_NA;Duwisib;;;;;;;;;x
b_matlahohe_NA;Matlahohe;;;;;;;;;x
b_andreville_NA;Andreville;;;;;;;;;x
b_nomtsas_NA;Nomtsas;;;;;;;;;x
b_blikkiesdorp_NA;Blikkiesdorp;;;;;;;;;x
b_rietoog_NA;Rietoog;;;;;;;;;x
b_sesriem_NA;Sesriem;;;;;;;;;x
b_gibeon_NA;Gibeon;;;;;;;;;x
b_asab_NA;Asab;;;;;;;;;x
b_gochas_NA;Gochas;;;;;;;;;x
b_hanaus_NA;Hanaus;;;;;;;;;x
d_karas;Karas;;;;;;;;;x
b_kolmanskop_NA;Kolmanskop;;;;;;;;;x
b_luderitz_NA;Luderitz;;;;;;;;;x
b_pomona_NA;Pomona;;;;;;;;;x
b_elizabeth_bay_NA;Elizabeth Bay;;;;;;;;;x
b_robert_harbour_NA;Robert Harbour;;;;;;;;;x
b_shark_island_NA;Shark Island;;;;;;;;;x
b_grassplatz_NA;Grassplatz;;;;;;;;;x
b_rutkop_NA;Rutkop;;;;;;;;;x
b_diaz_point_NA;Diaz Point;;;;;;;;;x
b_bethanie_NA;Bethanie;;;;;;;;;x
b_berseba_NA;Berseba;;;;;;;;;x
b_snyfontein_NA;Snyfontein;;;;;;;;;x
b_helmeringhausen_NA;Helmeringhausen;;;;;;;;;x
b_tses_NA;Tses;;;;;;;;;x
b_goageb_NA;Goageb;;;;;;;;;x
b_aus_NA;Aus;;;;;;;;;x
b_keetmanshoop_NA;Keetmanshoop;;;;;;;;;x
b_seeheim_NA;Seeheim;;;;;;;;;x
b_koes_NA;Koes;;;;;;;;;x
b_aroab_NA;Aroab;;;;;;;;;x
b_holoog_NA;Holoog;;;;;;;;;x
b_kronlein_NA;Kronlein;;;;;;;;;x
b_noordhoek_NA;Noordhoek;;;;;;;;;x
b_karasburg_NA;Karasburg;;;;;;;;;x
b_grunau_NA;Grunau;;;;;;;;;x
b_warmbad_NA;Warmbad;;;;;;;;;x
b_ariamsvlei_NA;Ariamsvlei;;;;;;;;;x
b_klein_karas_NA;Klein Karas;;;;;;;;;x
b_velloorsdrif_NA;Velloorsdrif;;;;;;;;;x
b_nuwefontein_NA;Nuwefontein;;;;;;;;;x
b_noordoewer_NA;Noordoewer;;;;;;;;;x
b_vioolsdrif_NA;Vioolsdrif;;;;;;;;;x
b_aussenkehr_NA;Aussenkehr;;;;;;;;;x
b_kotzenshoop_NA;Kotzenshoop;;;;;;;;;x
b_grootplaas_NA;Grootplaas;;;;;;;;;x
b_ais_ais_NA;Ais Ais;;;;;;;;;x
b_haklesdoorn_NA;Haklesdoorn;;;;;;;;;x
b_oranjemund_NA;Oranjemund;;;;;;;;;x
b_port_nolloth_ZA;Port Nolloth;;;;;;;;;x
b_alexander_bay_ZA;Alexander Bay;;;;;;;;;x
b_sendelingsdrif_NA;Sendelingsdrif;;;;;;;;;x
b_rosh_pinah_NA;Rosh Pinah;;;;;;;;;x
b_eksteensfontein_ZA;Eksteensfontein;;;;;;;;;x
b_kuboes_ZA;Kuboes;;;;;;;;;x
d_otjozondjupa;Otjozondjupa;;;;;;;;;x
b_kalkfeld_NA;Kalkfeld;;;;;;;;;x
b_hochfeld_NA;Hochfeld;;;;;;;;;x
b_okahandja_NA;Okahandja;;;;;;;;;x
b_osire_NA;Osire;;;;;;;;;x
b_sukses_NA;Sukses;;;;;;;;;x
b_kaalkop_NA;Kaalkop;;;;;;;;;x
b_gross_barmen_NA;Gross Barmen;;;;;;;;;x
b_otjiwarongo_NA;Otjiwarongo;;;;;;;;;x
b_hartseer_NA;Hartseer;;;;;;;;;x
b_okakarara_NA;Okakarara;;;;;;;;;x
b_okaputo_NA;Okaputo;;;;;;;;;x
b_wabi_NA;Wabi;;;;;;;;;x
b_otavi_NA;Otavi;;;;;;;;;x
b_kombat_NA;Kombat;;;;;;;;;x
b_cobenzl_NA;Cobenzl;;;;;;;;;x
b_okamatapati_NA;Okamatapati;;;;;;;;;x
b_guchab_NA;Guchab;;;;;;;;;x
b_grootfontein_NA;Grootfontein;;;;;;;;;x
b_berg_aukas_NA;Berg Aukas;;;;;;;;;x
b_abenab_NA;Abenab;;;;;;;;;x
b_maroelaboom_NA;Maroelaboom;;;;;;;;;x
b_mururani_NA;Mururani;;;;;;;;;x
b_otjituuo_NA;Otjituuo;;;;;;;;;x
b_driemaal_NA;Driemaal;;;;;;;;;x
d_etosha;Etosha;;;;;;;;;x
b_tsumeb_NA;Tsumeb;;;;;;;;;x
b_tsintsabis_NA;Tsintsabis;;;;;;;;;x
b_oshivelo_NA;Oshivelo;;;;;;;;;x
b_namutoni_NA;Namutoni;;;;;;;;;x
b_onguma_NA;Onguma;;;;;;;;;x
b_ghaub_NA;Ghaub;;;;;;;;;x
b_leeudrink_NA;Leeudrink;;;;;;;;;x
b_eenhana_NA;Eenhana;;;;;;;;;x
b_onandova_NA;Onandova;;;;;;;;;x
b_oshikango_NA;Oshikango;;;;;;;;;x
b_endola_NA;Endola;;;;;;;;;x
b_okongo_NA;Okongo;;;;;;;;;x
b_epembe_NA;Epembe;;;;;;;;;x
b_omulonga_NA;Omulonga;;;;;;;;;x
b_oshakati_NA;Oshakati;;;;;;;;;x
b_ondangwa_NA;Ondangwa;;;;;;;;;x
b_okaukuejo_NA;Okaukuejo;;;;;;;;;x
b_ongwediva_NA;Ongwediva;;;;;;;;;x
b_likelo_NA;Likelo;;;;;;;;;x
b_okatana_NA;Okatana;;;;;;;;;x
b_uukwiyu_NA;Uukwiyu;;;;;;;;;x
b_iipundi_NA;Iipundi;;;;;;;;;x
b_omuthiya_NA;Omuthiya;;;;;;;;;x
b_okankolo_NA;Okankolo;;;;;;;;;x
b_olukonda_NA;Olukonda;;;;;;;;;x
b_andoni_NA;Andoni;;;;;;;;;x
b_okashana_NA;Okashana;;;;;;;;;x
b_onankali_NA;Onankali;;;;;;;;;x
d_kavango;Kavango;;;;;;;;;x
b_nkurenkuru_NA;Nkurenkuru;;;;;;;;;x
b_rundu_NA;Rundu;;;;;;;;;x
b_kahenge_NA;Kahenge;;;;;;;;;x
b_katwitwi_NA;Katwitwi;;;;;;;;;x
b_mpungu_NA;Mpungu;;;;;;;;;x
b_tondoro_NA;Tondoro;;;;;;;;;x
b_rupara_NA;Rupara;;;;;;;;;x
b_tsumkwe_NA;Tsumkwe;;;;;;;;;x
b_mashere_NA;Mashere;;;;;;;;;x
b_nyangana_NA;Nyangana;;;;;;;;;x
b_taratara_NA;Taratara;;;;;;;;;x
b_utokota_NA;Utokota;;;;;;;;;x
b_nhoma_NA;Nhoma;;;;;;;;;x
b_ndiyona_NA;Ndiyona;;;;;;;;;x
d_kunene;Kunene;;;;;;;;;x
b_khorixas_NA;Khorixas;;;;;;;;;x
b_sesfontein_NA;Sesfontein;;;;;;;;;x
b_warmquelle_NA;Warmquelle;;;;;;;;;x
b_palmwag_NA;Palmwag;;;;;;;;;x
b_fransfontein_NA;Fransfontein;;;;;;;;;x
b_twyfelfontein_NA;Twyfelfontein;;;;;;;;;x
b_uitkoms_NA;Uitkoms;;;;;;;;;x
b_okongwati_NA;Okongwati;;;;;;;;;x
b_opuwo_NA;Opuwo;;;;;;;;;x
b_ehomba_NA;Ehomba;;;;;;;;;x
b_etanga_NA;Etanga;;;;;;;;;x
b_orupembe_NA;Orupembe;;;;;;;;;x
b_oozonduwombe_NA;Oozonduwombe;;;;;;;;;x
b_otwazumba_NA;Otwazumba;;;;;;;;;x
b_ruacana_NA;Ruacana;;;;;;;;;x
b_amarika_NA;Amarika;;;;;;;;;x
b_tsandi_NA;Tsandi;;;;;;;;;x
b_eheke_NA;Eheke;;;;;;;;;x
b_onesi_NA;Onesi;;;;;;;;;x
b_ongandjera_NA;Ongandjera;;;;;;;;;x
b_okalonga_NA;Okalonga;;;;;;;;;x
b_kamanjab_NA;Kamanjab;;;;;;;;;x
b_outjo_NA;Outjo;;;;;;;;;x
b_otjikondo_NA;Otjikondo;;;;;;;;;x
b_gagarus_NA;Gagarus;;;;;;;;;x
b_teekoms_NA;Teekoms;;;;;;;;;x
b_mon_desir_NA;Mon Desir;;;;;;;;;x
b_sarie_marais_NA;Sarie Marais;;;;;;;;;x
b_neves_ST;Neves;;;;;;;;;x
b_louti;Louti;;;;;;;;;x
b_benoue;Benoue;;;;;;;;;x
b_rey;Rey;;;;;;;;;x
b_vina;Vina;;;;;;;;;x
b_faro_et_deo;Faro Et Deo;;;;;;;;;x
b_mayo_banyo;Mayo Banyo;;;;;;;;;x
b_djerem;Djerem;;;;;;;;;x
b_mbere;Mbere;;;;;;;;;x
b_lom_et_djerem;Lom Et Djerem;;;;;;;;;x
b_haut_nyong;Haut Nyong;;;;;;;;;x
b_boumba_et_ngoko;Boumba Et Ngoko;;;;;;;;;x
b_kadei;Kadei;;;;;;;;;x
b_nki_bek;Nki Bek;;;;;;;;;x
b_dja_et_lobo;Dja Et Lobo;;;;;;;;;x
b_mvila;Mvila;;;;;;;;;x
b_ocean;Ocean;;;;;;;;;x
b_mbam_et_kim;Mbam Et Kim;;;;;;;;;x
b_haute_sanaga;Haute Sanaga;;;;;;;;;x
b_inoubou;Inoubou;;;;;;;;;x
b_mpem_et_djim;Mpem Et Djim;;;;;;;;;x
b_pangar;Pangar;;;;;;;;;x
b_mfoundi;Mfoundi;;;;;;;;;x
b_nyong_et_soo;Nyong Et Soo;;;;;;;;;x
b_mfoumou;Mfoumou;;;;;;;;;x
b_sanaga_maritime;Sanaga Maritime;;;;;;;;;x
b_nkam;Nkam;;;;;;;;;x
b_moungo;Moungo;;;;;;;;;x
b_douala;Douala;;;;;;;;;x
b_nde;Nde;;;;;;;;;x
b_haut_nkam;Haut Nkam;;;;;;;;;x
b_mifi;Mifi;;;;;;;;;x
b_bamboutos;Bamboutos;;;;;;;;;x
b_noun;Noun;;;;;;;;;x
b_massangam;Massangam;;;;;;;;;x
b_donga;Donga;;;;;;;;;x
b_grassfields;Grassfields;;;;;;;;;x
b_ngo_ketunjia;Ngo Ketunjia;;;;;;;;;x
b_bamenda;Bamenda;;;;;;;;;x
b_menchum;Menchum;;;;;;;;;x
b_boyo;Boyo;;;;;;;;;x
b_manyu;Manyu;;;;;;;;;x
b_ndian;Ndian;;;;;;;;;x
b_koupe_manengouba;Koupe Manengouba;;;;;;;;;x
b_fako;Fako;;;;;;;;;x
b_sangha_mbaere;Sangha Mbaere;;;;;;;;;x
b_berberati;Berberati;;;;;;;;;x
b_carnot;Carnot;;;;;;;;;x
b_baboua;Baboua;;;;;;;;;x
b_bouar;Bouar;;;;;;;;;x
b_bozoum;Bozoum;;;;;;;;;x
b_bocaranga;Bocaranga;;;;;;;;;x
b_paoua;Paoua;;;;;;;;;x
b_markounda;Markounda;;;;;;;;;x
b_bossangoa;Bossangoa;;;;;;;;;x
b_bouca;Bouca;;;;;;;;;x
b_batangafo;Batangafo;;;;;;;;;x
b_nana_grebizi;Nana Grebizi;;;;;;;;;x
b_kemo;Kemo;;;;;;;;;x
b_bangui;Bangui;;;;;;;;;x
b_yaloke_bossembele;Yaloke Bossembele;;;;;;;;;x
b_lobaye;Lobaye;;;;;;;;;x
b_grimari;Grimari;;;;;;;;;x
b_bambari;Bambari;;;;;;;;;x
b_ippy;Ippy;;;;;;;;;x
b_mobaye;Mobaye;;;;;;;;;x
b_alindao;Alindao;;;;;;;;;x
b_bamingui_bangoran;Bamingui Bangoran;;;;;;;;;x
b_saint_floris;Saint Floris;;;;;;;;;x
b_vakaga;Vakaga;;;;;;;;;x
b_haute_kotto;Haute Kotto;;;;;;;;;x
b_bangassou;Bangassou;;;;;;;;;x
b_gambo_ouango;Gambo Ouango;;;;;;;;;x
b_rafai;Rafai;;;;;;;;;x
b_haut_mbomou;Haut Mbomou;;;;;;;;;x
b_bata_GQ;Bata;;;;;;;;;x
b_kogo_GQ;Kogo;;;;;;;;;x
b_mbini_GQ;Mbini;;;;;;;;;x
b_corsico_GQ;Corsico;;;;;;;;;x
b_machinda_GQ;Machinda;;;;;;;;;x
b_rio_campo_GQ;Rio Campo;;;;;;;;;x
b_bolondo_GQ;Bolondo;;;;;;;;;x
b_evinayong_GQ;Evinayong;;;;;;;;;x
b_niefang_GQ;Niefang;;;;;;;;;x
b_acurenam_GQ;Acurenam;;;;;;;;;x
b_nkimi_GQ;Nkimi;;;;;;;;;x
b_bicurga_GQ;Bicurga;;;;;;;;;x
b_abanayop_GQ;Abanayop;;;;;;;;;x
b_acoc_GQ;Acoc;;;;;;;;;x
b_oyala_GQ;Oyala;;;;;;;;;x
b_mongomo_GQ;Mongomo;;;;;;;;;x
b_nsork_GQ;Nsork;;;;;;;;;x
b_mengomeyen_GQ;Mengomeyen;;;;;;;;;x
b_anisoc_GQ;Anisoc;;;;;;;;;x
b_acoacan_GQ;Acoacan;;;;;;;;;x
b_ayene_GQ;Ayene;;;;;;;;;x
b_ebebiyin_GQ;Ebebiyin;;;;;;;;;x
b_bitam_GA;Bitam;;;;;;;;;x
b_nkue_GQ;Nkue;;;;;;;;;x
b_micomeseng_GQ;Micomeseng;;;;;;;;;x
b_nsang_GQ;Nsang;;;;;;;;;x
b_akok_GA;Akok;;;;;;;;;x
b_bidjabidjan_GQ;Bidjabidjan;;;;;;;;;x
b_oyem_GA;Oyem;;;;;;;;;x
b_bissok_GA;Bissok;;;;;;;;;x
b_nkolabona_GA;Nkolabona;;;;;;;;;x
b_bolossoville_GA;Bolossoville;;;;;;;;;x
b_assok_ngomo_GA;Assok Ngomo;;;;;;;;;x
b_mafak_GA;Mafak;;;;;;;;;x
b_zangue_GA;Zangue;;;;;;;;;x
b_minvoul_GA;Minvoul;;;;;;;;;x
b_momo_GA;Momo;;;;;;;;;x
b_eboman_GA;Eboman;;;;;;;;;x
b_mfagne_GA;Mfagne;;;;;;;;;x
b_vama_GA;Vama;;;;;;;;;x
b_andokasi_GA;Andokasi;;;;;;;;;x
b_bilo_GA;Bilo;;;;;;;;;x
b_mitzic_GA;Mitzic;;;;;;;;;x
b_medouneu_GA;Medouneu;;;;;;;;;x
b_ekan_GA;Ekan;;;;;;;;;x
b_lalara_GA;Lalara;;;;;;;;;x
b_aveng_GA;Aveng;;;;;;;;;x
b_avom_GA;Avom;;;;;;;;;x
b_eyene_GA;Eyene;;;;;;;;;x
b_kougouleu_GA;Kougouleu;;;;;;;;;x
b_kango_GA;Kango;;;;;;;;;x
b_zoulameyong_GA;Zoulameyong;;;;;;;;;x
b_anzem_GA;Anzem;;;;;;;;;x
b_bibolo_GA;Bibolo;;;;;;;;;x
b_assoka_GA;Assoka;;;;;;;;;x
b_oyan_GA;Oyan;;;;;;;;;x
b_cocobeach_GA;Cocobeach;;;;;;;;;x
b_milembie_GA;Milembie;;;;;;;;;x
b_mekina_GA;Mekina;;;;;;;;;x
b_myang_GA;Myang;;;;;;;;;x
b_okola_GA;Okola;;;;;;;;;x
b_angouma_GA;Angouma;;;;;;;;;x
b_nzog_bour_GA;Nzog Bour;;;;;;;;;x
b_ntoum_GA;Ntoum;;;;;;;;;x
b_libreville_GA;Libreville;;;;;;;;;x
b_owendo_GA;Owendo;;;;;;;;;x
b_nkoltang_GA;Nkoltang;;;;;;;;;x
b_mont_bouet_GA;Mont Bouet;;;;;;;;;x
b_sahoue_GA;Sahoue;;;;;;;;;x
b_nombakele_GA;Nombakele;;;;;;;;;x
b_ntchengue_GA;Ntchengue;;;;;;;;;x
b_port_gentil_GA;Port Gentil;;;;;;;;;x
b_ozori_GA;Ozori;;;;;;;;;x
b_kendje_GA;Kendje;;;;;;;;;x
b_mondorobe_GA;Mondorobe;;;;;;;;;x
b_enyonga_GA;Enyonga;;;;;;;;;x
b_aranga_GA;Aranga;;;;;;;;;x
b_omboue_GA;Omboue;;;;;;;;;x
b_yeno_GA;Yeno;;;;;;;;;x
b_saint_anne_GA;Saint Anne;;;;;;;;;x
b_iguela_GA;Iguela;;;;;;;;;x
b_diaba_GA;Diaba;;;;;;;;;x
b_fernand_vaz_GA;Fernand Vaz;;;;;;;;;x
b_orali_GA;Orali;;;;;;;;;x
b_sette_cama_GA;Sette Cama;;;;;;;;;x
b_gamba_GA;Gamba;;;;;;;;;x
b_petit_loango_GA;Petit Loango;;;;;;;;;x
b_pitonga_GA;Pitonga;;;;;;;;;x
b_mougambi_GA;Mougambi;;;;;;;;;x
b_nanga_tsonga_GA;Nanga Tsonga;;;;;;;;;x
b_bokolo_GA;Bokolo;;;;;;;;;x
b_tchibanga_GA;Tchibanga;;;;;;;;;x
b_tsogni_GA;Tsogni;;;;;;;;;x
b_milando_GA;Milando;;;;;;;;;x
b_porro_GA;Porro;;;;;;;;;x
b_malaba_GA;Malaba;;;;;;;;;x
b_ileka_GA;Ileka;;;;;;;;;x
b_birouki_GA;Birouki;;;;;;;;;x
b_ndindi_GA;Ndindi;;;;;;;;;x
b_mayumba_GA;Mayumba;;;;;;;;;x
b_loukouala_GA;Loukouala;;;;;;;;;x
b_kouri_GA;Kouri;;;;;;;;;x
b_molito_GA;Molito;;;;;;;;;x
b_bibora_GA;Bibora;;;;;;;;;x
b_mabili_GA;Mabili;;;;;;;;;x
b_ndende_GA;Ndende;;;;;;;;;x
b_mouila_GA;Mouila;;;;;;;;;x
b_moutassou_GA;Moutassou;;;;;;;;;x
b_salamou_GA;Salamou;;;;;;;;;x
b_ilelo_GA;Ilelo;;;;;;;;;x
b_dilolo_GA;Dilolo;;;;;;;;;x
b_magueni_GA;Magueni;;;;;;;;;x
b_lebamba_GA;Lebamba;;;;;;;;;x
b_mbigou_GA;Mbigou;;;;;;;;;x
b_mboungou_mbadouma_GA;Mboungou Mbadouma;;;;;;;;;x
b_lingoye_GA;Lingoye;;;;;;;;;x
b_lekala_GA;Lekala;;;;;;;;;x
b_balamboula_GA;Balamboula;;;;;;;;;x
b_lessabou_GA;Lessabou;;;;;;;;;x
b_mimongo_GA;Mimongo;;;;;;;;;x
b_indimba_GA;Indimba;;;;;;;;;x
b_niole_GA;Niole;;;;;;;;;x
b_diyanga_GA;Diyanga;;;;;;;;;x
b_eteke_GA;Eteke;;;;;;;;;x
b_seka_seka_GA;Seka Seka;;;;;;;;;x
b_fougamou_GA;Fougamou;;;;;;;;;x
b_sindara_GA;Sindara;;;;;;;;;x
b_guidouma_GA;Guidouma;;;;;;;;;x
b_obaye_GA;Obaye;;;;;;;;;x
b_ivanga_GA;Ivanga;;;;;;;;;x
b_yambi_GA;Yambi;;;;;;;;;x
b_sika_GA;Sika;;;;;;;;;x
b_lambarene_GA;Lambarene;;;;;;;;;x
b_adane_GA;Adane;;;;;;;;;x
b_nzorbang_GA;Nzorbang;;;;;;;;;x
b_makouke_GA;Makouke;;;;;;;;;x
b_aloun_GA;Aloun;;;;;;;;;x
b_alomba_GA;Alomba;;;;;;;;;x
b_bouale_GA;Bouale;;;;;;;;;x
b_bifoun_GA;Bifoun;;;;;;;;;x
b_ndjole_GA;Ndjole;;;;;;;;;x
b_anonebere_GA;Anonebere;;;;;;;;;x
b_mayene_GA;Mayene;;;;;;;;;x
b_mgombom_GA;Mgombom;;;;;;;;;x
b_andem_GA;Andem;;;;;;;;;x
b_mevang_GA;Mevang;;;;;;;;;x
b_booue_GA;Booue;;;;;;;;;x
b_achouka_GA;Achouka;;;;;;;;;x
b_kan_kan_GA;Kan Kan;;;;;;;;;x
b_mikongo_GA;Mikongo;;;;;;;;;x
b_dissobilam_GA;Dissobilam;;;;;;;;;x
b_kekele_GA;Kekele;;;;;;;;;x
b_kombo_GA;Kombo;;;;;;;;;x
b_ovan_GA;Ovan;;;;;;;;;x
b_ayem_GA;Ayem;;;;;;;;;x
b_koumameyong_GA;Koumameyong;;;;;;;;;x
b_matora_GA;Matora;;;;;;;;;x
b_edabour_GA;Edabour;;;;;;;;;x
b_ayol_alar_GA;Ayol Alar;;;;;;;;;x
b_ekarlong_GA;Ekarlong;;;;;;;;;x
b_makokou_GA;Makokou;;;;;;;;;x
b_ganzi_GA;Ganzi;;;;;;;;;x
b_youko_GA;Youko;;;;;;;;;x
b_mooba_GA;Mooba;;;;;;;;;x
b_massaha_GA;Massaha;;;;;;;;;x
b_mbebengui_GA;Mbebengui;;;;;;;;;x
b_alene_GA;Alene;;;;;;;;;x
b_ekata_GA;Ekata;;;;;;;;;x
b_mekambo_GA;Mekambo;;;;;;;;;x
b_zoula_GA;Zoula;;;;;;;;;x
b_batouala_GA;Batouala;;;;;;;;;x
b_oyabe_GA;Oyabe;;;;;;;;;x
b_mbey_GA;Mbey;;;;;;;;;x
b_bambo_GA;Bambo;;;;;;;;;x
b_okondja_GA;Okondja;;;;;;;;;x
b_eleko_GA;Eleko;;;;;;;;;x
b_alanga_GA;Alanga;;;;;;;;;x
b_omoana_GA;Omoana;;;;;;;;;x
b_leoinga_GA;Leoinga;;;;;;;;;x
b_atongo_GA;Atongo;;;;;;;;;x
b_oyanza_GA;Oyanza;;;;;;;;;x
b_lekoni_GA;Lekoni;;;;;;;;;x
b_akieni_GA;Akieni;;;;;;;;;x
b_bongoville_GA;Bongoville;;;;;;;;;x
b_kabaga_GA;Kabaga;;;;;;;;;x
b_lewou_GA;Lewou;;;;;;;;;x
b_akou_GA;Akou;;;;;;;;;x
b_kelle_GA;Kelle;;;;;;;;;x
b_onga_GA;Onga;;;;;;;;;x
b_otou_GA;Otou;;;;;;;;;x
b_aboumi_GA;Aboumi;;;;;;;;;x
b_mboui_GA;Mboui;;;;;;;;;x
b_ossiele_GA;Ossiele;;;;;;;;;x
b_yemenga_GA;Yemenga;;;;;;;;;x
b_obegue_GA;Obegue;;;;;;;;;x
b_motobo_GA;Motobo;;;;;;;;;x
b_franceville_GA;Franceville;;;;;;;;;x
b_bitono_GA;Bitono;;;;;;;;;x
b_ndoubi_GA;Ndoubi;;;;;;;;;x
b_maulongo_GA;Maulongo;;;;;;;;;x
b_beka_beka_GA;Beka Beka;;;;;;;;;x
b_okoloville_GA;Okoloville;;;;;;;;;x
b_bakoumba_GA;Bakoumba;;;;;;;;;x
b_moanda_GA;Moanda;;;;;;;;;x
b_mounana_GA;Mounana;;;;;;;;;x
b_itoko_GA;Itoko;;;;;;;;;x
b_moyabi_GA;Moyabi;;;;;;;;;x
b_lekoko_GA;Lekoko;;;;;;;;;x
b_djoutou_GA;Djoutou;;;;;;;;;x
b_mbonha_GA;Mbonha;;;;;;;;;x
b_lastoursville_GA;Lastoursville;;;;;;;;;x
b_mahouna_GA;Mahouna;;;;;;;;;x
b_mikouya_GA;Mikouya;;;;;;;;;x
b_kera_kera_GA;Kera Kera;;;;;;;;;x
b_nzinga_nzinga_GA;Nzinga Nzinga;;;;;;;;;x
b_doume_GA;Doume;;;;;;;;;x
b_pana_GA;Pana;;;;;;;;;x
b_koulamoutou_GA;Koulamoutou;;;;;;;;;x
b_boungou_GA;Boungou;;;;;;;;;x
b_koumou_GA;Koumou;;;;;;;;;x
b_ivete_GA;Ivete;;;;;;;;;x
b_roungassa_GA;Roungassa;;;;;;;;;x
b_leyimba_GA;Leyimba;;;;;;;;;x
b_iboundji_GA;Iboundji;;;;;;;;;x
b_inzamba_GA;Inzamba;;;;;;;;;x
b_massoukou_GA;Massoukou;;;;;;;;;x
b_igoumbi_GA;Igoumbi;;;;;;;;;x
b_niamba_GA;Niamba;;;;;;;;;x
b_oubendji_GA;Oubendji;;;;;;;;;x
b_boussimbi_GA;Boussimbi;;;;;;;;;x
b_kouilou;Kouilou;;;;;;;;;x
b_pointe_noire;Pointe Noire;;;;;;;;;x
b_dolisie_loubomo;Dolisie Loubomo;;;;;;;;;x
b_mossendjo;Mossendjo;;;;;;;;;x
b_chaillu;Chaillu;;;;;;;;;x
b_nkayi;Nkayi;;;;;;;;;x
b_loudima;Loudima;;;;;;;;;x
b_mouyondzi;Mouyondzi;;;;;;;;;x
b_sibiti;Sibiti;;;;;;;;;x
b_komono;Komono;;;;;;;;;x
b_zanaga;Zanaga;;;;;;;;;x
b_bambama;Bambama;;;;;;;;;x
b_kinkala;Kinkala;;;;;;;;;x
b_kindamba;Kindamba;;;;;;;;;x
b_mayama;Mayama;;;;;;;;;x
b_brazzaville;Brazzaville;;;;;;;;;x
b_ngabe;Ngabe;;;;;;;;;x
b_malebo;Malebo;;;;;;;;;x
b_lefini;Lefini;;;;;;;;;x
b_lekana;Lekana;;;;;;;;;x
b_abala;Abala;;;;;;;;;x
b_gamboma;Gamboma;;;;;;;;;x
b_djambala;Djambala;;;;;;;;;x
b_okoyo;Okoyo;;;;;;;;;x
b_owando;Owando;;;;;;;;;x
b_makoua;Makoua;;;;;;;;;x
b_ewo;Ewo;;;;;;;;;x
b_lossi;Lossi;;;;;;;;;x
b_ouesso;Ouesso;;;;;;;;;x
b_liranga;Liranga;;;;;;;;;x
b_pikounda;Pikounda;;;;;;;;;x
b_impfondo;Impfondo;;;;;;;;;x
b_bilibokree;Bilibokree;;;;;;;;;x
b_sikunia_SL;Sikunia;;;;;;;;;x
b_womey_GN;Womey;;;;;;;;;x
