PROV1;Maryland;Maryland;Maryland;;;;;;;;;x
PROV2;Sinoe;Sinoe;Sinoe;;;;;;;;;x
PROV3;River Cess;River Cess;River Cess;;;;;;;;;x
PROV4;Grand Cape;Grand Cape;Grand Cape;;;;;;;;;x
PROV5;Grand Bassa;Grand Bassa;Grand Bassa;;;;;;;;;x
PROV6;Monrovia;Monrovia;Monrovia;;;;;;;;;x
PROV7;Nimba;Nimba;Nimba;;;;;;;;;x
PROV8;Gedeh;;;;;;;;;;;x
PROV9;Gee;Gee;Gee;;;;;;;;;x
PROV10;Bong;Bong;Bong;;;;;;;;;x
PROV11;Macenta;Macenta;Macenta;;;;;;;;;x
PROV12;Gbarpolu;Gbarpolu;Gbarpolu;;;;;;;;;x
PROV13;Lofa;Lofa;Lofa;;;;;;;;;x
PROV14;Bonthe;Bonthe;Bonthe;;;;;;;;;x
PROV15;Pujehun;Pujehun;Pujehun;;;;;;;;;x
PROV16;Bo;Bo;Bo;;;;;;;;;x
PROV17;Kenema;Kenema;Kenema;;;;;;;;;x
PROV18;Kono;Kono;Kono;;;;;;;;;x
PROV19;Loko;Loko;Loko;;;;;;;;;x
PROV20;Bombali;Bombali;Bombali;;;;;;;;;x
PROV21;Koinadugu;Koinadugu;Koinadugu;;;;;;;;;x
PROV22;Freetown;Freetown;Freetown;;;;;;;;;x
PROV23;Forécariah;Forécariah;Forécariah;;;;;;;;;x
PROV24;Mamou;Mamou;Mamou;;;;;;;;;x
PROV25;Dubréka;Dubréka;Dubréka;;;;;;;;;x
PROV26;Kindia;Kindia;Kindia;;;;;;;;;x
PROV27;Boké;;;;;;;;;;;x
PROV28;Danané;;;;;;;;;;;x
PROV29;Boffa;Boffa;Boffa;;;;;;;;;x
PROV30;Télimélé;Télimélé;Télimélé;;;;;;;;;x
PROV31;Gaoual;Gaoual;Gaoual;;;;;;;;;x
PROV32;Labé;;;;;;;;;;;x
PROV33;Koundara;Koundara;Koundara;;;;;;;;;x
PROV34;Pita;;;;;;;;;;;x
PROV35;Siguiri;Siguiri;Siguiri;;;;;;;;;x
PROV36;Mandiana;Mandiana;Mandiana;;;;;;;;;x
PROV37;Dinguiraye;Dinguiraye;Dinguiraye;;;;;;;;;x
PROV38;Kouroussa;Kouroussa;Kouroussa;;;;;;;;;x
PROV39;Tougué;Tougué;Tougué;;;;;;;;;x
PROV40;Mali;;;;;;;;;;;x
PROV41;Dabola;Dabola;Dabola;;;;;;;;;x
PROV42;Faranah;Faranah;Faranah;;;;;;;;;x
PROV43;Guékédou;Guékédou;Guékédou;;;;;;;;;x
PROV44;Banfélé;Banfélé;Banfélé;;;;;;;;;x
PROV45;Nzérékoré;;;;;;;;;;;x
PROV46;Kankan;Kankan;Kankan;;;;;;;;;x
PROV47;Kérouané;;;;;;;;;;;x
PROV48;Beyla;Beyla;Beyla;;;;;;;;;x
PROV49;Oio;Oio;Oio;;;;;;;;;x
PROV50;Bolama;Bolama;Bolama;;;;;;;;;x
PROV51;Bissau;;;;;;;;;;;x
PROV52;Quinara;Quinara;Quinara;;;;;;;;;x
PROV53;Bafatá;Bafatá;Bafatá;;;;;;;;;x
PROV54;Kolda;Kolda;Kolda;;;;;;;;;x
PROV55;Sédhiou;Sédhiou;Sédhiou;;;;;;;;;x
PROV56;Gambia;Gambia;Gambia;;;;;;;;;x
PROV57;Ziguinchor;Ziguinchor;Ziguinchor;;;;;;;;;x
PROV58;Kédougou;Kédougou;Kédougou;;;;;;;;;x
PROV59;Bakel;;;;;;;;;;;x
PROV60;Wassadougou;;;;;;;;;;;x
PROV61;Thiès;Thiès;Thiès;;;;;;;;;x
PROV62;Foundiougne;;;;;;;;;;;x
PROV63;Ahafo Ano;;;;;;;;;;;x
PROV64;Kaffrine;;;;;;;;;;;x
PROV65;Kaolack;;;;;;;;;;;x
PROV66;Janjanbureh;Janjanbureh;Janjanbureh;;;;;;;;;x
PROV67;Diourbel;;;;;;;;;;;x
PROV68;Louga;;;;;;;;;;;x
PROV69;Saint-Louis;;;;;;;;;;;x
PROV70;Linguére;Linguére;Linguére;;;;;;;;;x
PROV71;Podor;Podor;Podor;;;;;;;;;x
PROV72;Kanel;Kanel;Kanel;;;;;;;;;x
PROV73;Ranérou Ferlo;;;;;;;;;;;x
PROV74;Tambacounda;;;;;;;;;;;x
PROV75;Matam;;;;;;;;;;;x
PROV76;Kita;Kita;Kita;;;;;;;;;x
PROV77;Kayes;Kayes;Kayes;;;;;;;;;x
PROV78;Bafoulabé;;;;;;;;;;;x
PROV79;Kéniéba;;;;;;;;;;;x
PROV80;Nara;Nara;Nara;;;;;;;;;x
PROV81;Kolokani;Kolokani;Kolokani;;;;;;;;;x
PROV82;Dioïla;;;;;;;;;;;x
PROV83;Bamako;Bamako;Bamako;;;;;;;;;x
PROV84;Bougouni;;;;;;;;;;;x
PROV85;Yanfolila;;;;;;;;;;;x
PROV86;Barouéli;;;;;;;;;;;x
PROV87;Koutiala;;;;;;;;;;;x
PROV88;Sikasso;;;;;;;;;;;x
PROV89;Ségou;Ségou;Ségou;;;;;;;;;x
PROV90;Macina;Macina;Macina;;;;;;;;;x
PROV91;San;San;San;;;;;;;;;x
PROV92;Timbouctou;;;;;;;;;;;x
PROV93;Bandiagara;;;;;;;;;;;x
PROV94;Koro;;;;;;;;;;;x
PROV95;Gourma Rharous;;;;;;;;;;;x
PROV96;Garou;Garou;Garou;;;;;;;;;x
PROV97;West Gao;;;;;;;;;;;x
PROV98;Soubré;;;;;;;;;;;x
PROV99;San-Pédro;San-Pédro;San-Pédro;;;;;;;;;x
PROV100;Sassandra;;;;;;;;;;;x
PROV101;Lôh-Djiboua;;;;;;;;;;;x
PROV102;Abidjan;Abidjan;Abidjan;;;;;;;;;x
PROV103;Agboville;;;;;;;;;;;x
PROV104;Aboisso;;;;;;;;;;;x
PROV105;M'Bahiakro;;;;;;;;;;;x
PROV106;Indénié-Djuablin;Indénié-Djuablin;Indénié-Djuablin;;;;;;;;;x
PROV107;N'Zi;N'Zi;N'Zi;;;;;;;;;x
PROV108;Hambol;Hambol;Hambol;;;;;;;;;x
PROV109;Ferkessédougou;;;;;;;;;;;x
PROV110;Korhogo;;;;;;;;;;;x
PROV111;Gagnoa;;;;;;;;;;;x
PROV112;Haut-Sassandra;Haut-Sassandra;Haut-Sassandra;;;;;;;;;x
PROV113;Bouaké;;;;;;;;;;;x
PROV114;Bafing;Bafing;Bafing;;;;;;;;;x
PROV115;Cavally;Cavally;Cavally;;;;;;;;;x
PROV116;Boundiali;;;;;;;;;;;x
PROV117;Denguélé;;;;;;;;;;;x
PROV118;Worodougou;Worodougou;Worodougou;;;;;;;;;x
PROV119;Cape Coast;;;;;;;;;;;x
PROV120;Sunyani;Sunyani;Sunyani;;;;;;;;;x
PROV121;Nzema;;;;;;;;;;;x
PROV122;Kojina;;;;;;;;;;;x
PROV123;Kumasi;Kumasi;Kumasi;;;;;;;;;x
PROV124;Wawa;;;;;;;;;;;x
PROV125;Afram Plains;;;;;;;;;;;x
PROV126;Ho;;;;;;;;;;;x
PROV127;Accra;Accra;Accra;;;;;;;;;x
PROV128;Kintampo;Kintampo;Kintampo;;;;;;;;;x
PROV129;Tanda;;;;;;;;;;;x
PROV130;Bouna;;;;;;;;;;;x
PROV131;Mpaha;Mpaha;Mpaha;;;;;;;;;x
PROV132;Tamale;Tamale;Tamale;;;;;;;;;x
PROV133;Oti;Oti;Oti;;;;;;;;;x
PROV134;Yendi;Yendi;Yendi;;;;;;;;;x
PROV135;Mamprusi;;;;;;;;;;;x
PROV136;Bolgatanga;Bolgatanga;Bolgatanga;;;;;;;;;x
PROV137;Kpendjal;;;;;;;;;;;x
PROV138;Comoe;;;;;;;;;;;x
PROV139;Ouagadougou;Ouagadougou;Ouagadougou;;;;;;;;;x
PROV140;Poni;;;;;;;;;;;x
PROV141;Banwa;;;;;;;;;;;x
PROV142;Mouhoun;;;;;;;;;;;x
PROV143;Sourou;;;;;;;;;;;x
PROV144;Sanmatenga;Sanmatenga;Sanmatenga;;;;;;;;;x
PROV145;Oudalan;;;;;;;;;;;x
PROV146;Komandjari;;;;;;;;;;;x
PROV147;Yatenga;;;;;;;;;;;x
PROV148;Gnagna;;;;;;;;;;;x
PROV149;Tapoa;;;;;;;;;;;x
PROV150;Gourma;;;;;;;;;;;x
PROV151;Lubutu;;;;;;;;;x
PROV152;Ubundu;;;;;;;;;x
PROV153;Opala;;;;;;;;;x
PROV154;Ikela;;;;;;;;;x
PROV155;Boende;;;;;;;;;x
PROV156;Bokungu;;;;;;;;;x
PROV157;Tonkolili;Tonkolili;Tonkolili;;;;;;;;;x
PROV158;Santiago;;;;;;;;;x
PROV159;Fogo;;;;;;;;;x
PROV160;Boavista e Sal;;;;;;;;;x
PROV161;Sao Vicente;;;;;;;;;x
PROV162;Santo Antao;;;;;;;;;x
PROV163;Rosso;;;;;;;;;x
PROV164;R'Kiz;;;;;;;;;x
PROV165;Nouakchott;;;;;;;;;x
PROV166;Boutilimit;;;;;;;;;x
PROV167;Inchiri;;;;;;;;;x
PROV168;Arguin;;;;;;;;;x
PROV169;Nouadhibou;;;;;;;;;x
PROV170;Brakna;;;;;;;;;x
PROV171;Gorgol;;;;;;;;;x
PROV172;Guidimaka;;;;;;;;;x
PROV173;Aftout;;;;;;;;;x
PROV174;Kiffa;;;;;;;;;x
PROV175;Tintane;;;;;;;;;x
PROV176;Aïoun;;;;;;;;;x
PROV177;Timbédra;;;;;;;;;x
PROV178;Néma;;;;;;;;;x
PROV179;Tagant;;;;;;;;;x
PROV180;Maghta-Lahjar;;;;;;;;;x
PROV181;Atar;;;;;;;;;x
PROV182;Chinguetti;;;;;;;;;x
PROV183;Tiris Zemmour;;;;;;;;;x
PROV184;Oued Ed-Dahab;;;;;;;;;x
PROV185;Oualata;;;;;;;;;x
PROV186;Kidal;;;;;;;;;x
PROV187;Tessalit;;;;;;;;;x
PROV188;Bordj Badji Mokhtar;;;;;;;;;x
PROV189;Hoggar;;;;;;;;;x
PROV190;Tanezrouft;;;;;;;;;x
PROV191;Chinde;;;;;;;;;x
PROV192;Quelimane;;;;;;;;;x
PROV193;Rukungiri;;;;;;;;;x
PROV194;Mbarara;;;;;;;;;x
PROV195;Kabarole;;;;;;;;;x
PROV196;Kyenjojo;;;;;;;;;x
PROV197;Masindi;;;;;;;;;x
PROV198;Nile;;;;;;;;;x
PROV199;Amuru;;;;;;;;;x
PROV200;Grande Comore;;;;;;;;;x
PROV201;Mayotte;;;;;;;;;x
PROV202;Reunion;;;;;;;;;x
PROV203;Mauritius;;;;;;;;;x
PROV204;Rodrigues;;;;;;;;;x
PROV205;Sava;;;;;;;;;x
PROV206;Ambilobe;;;;;;;;;x
PROV207;Antisiranana;;;;;;;;;x
PROV208;Itasy;;;;;;;;;x
PROV209;Alaotra-Mangoro;;;;;;;;;x
PROV210;Maroantsetra;;;;;;;;;x
PROV211;Soanierana-Ivongo;;;;;;;;;x
PROV212;Toamasina;;;;;;;;;x
PROV213;Toliara;;;;;;;;;x
PROV214;Morombe;;;;;;;;;x
PROV215;Faux Cap;;;;;;;;;x
PROV216;Betioky-Atsimo;;;;;;;;;x
PROV217;Taolagnaro;;;;;;;;;x
PROV218;Ihorombe;;;;;;;;;x
PROV219;Atsimo-Atsinanana;;;;;;;;;x
PROV220;Fianarantsoa;;;;;;;;;x
PROV221;Vatovavy-Fitovinany;;;;;;;;;x
PROV222;Amoron'i Mania;;;;;;;;;x
PROV223;Vakinankaratra;;;;;;;;;x
PROV224;Bongolava;;;;;;;;;x
PROV225;Analamanga;;;;;;;;;x
PROV226;Betsiboka;;;;;;;;;x
PROV227;Maintirano;;;;;;;;;x
PROV228;Besalampy;;;;;;;;;x
PROV229;Mitsinjo;;;;;;;;;x
PROV230;Marovoay;;;;;;;;;x
PROV231;Mandritsara;;;;;;;;;x
PROV232;Bealanana;;;;;;;;;x
PROV233;Analalava;;;;;;;;;x
PROV234;Boriziny;;;;;;;;;x
PROV235;Vatomandry;;;;;;;;;x
PROV236;Belon'i Tsiribihina;;;;;;;;;x
PROV237;Morondava;;;;;;;;;x
PROV238;Pemba;;;;;;;;;x
PROV239;Zanzibar;;;;;;;;;x
PROV240;Mafia;;;;;;;;;x
PROV241;Tanga;;;;;;;;;x
PROV242;Dar es Salaam;;;;;;;;;x
PROV243;Rufiji;;;;;;;;;x
PROV244;Bagamoyo;;;;;;;;;x
PROV245;Kilwa;;;;;;;;;x
PROV246;Mtwara;;;;;;;;;x
PROV247;Lindi;;;;;;;;;x
PROV248;Morogoro;;;;;;;;;x
PROV249;Kilimanjaro;;;;;;;;;x
PROV250;Liwale;;;;;;;;;x
PROV251;Tunduru;;;;;;;;;x
PROV252;Songea;;;;;;;;;x
PROV253;Nyasa;;;;;;;;;x
PROV254;Mahenge;;;;;;;;;x
PROV255;Kilombero;;;;;;;;;x
PROV256;Kilosa;;;;;;;;;x
PROV257;Iringa;;;;;;;;;x
PROV258;Mufundi;;;;;;;;;x
PROV259;Dodoma;;;;;;;;;x
PROV260;Chemba;;;;;;;;;x
PROV261;Handeni;;;;;;;;;x
PROV262;Kiteto;;;;;;;;;x
PROV263;Babati;;;;;;;;;x
PROV264;Arusha;;;;;;;;;x
PROV265;Lukwati;;;;;;;;;x
PROV266;Mbeya;;;;;;;;;x
PROV267;Mbarali;;;;;;;;;x
PROV268;Njombe;;;;;;;;;x
PROV269;Sumbawanga;;;;;;;;;x
PROV270;Nkasi;;;;;;;;;x
PROV271;Mlele;;;;;;;;;x
PROV272;Mpanda;;;;;;;;;x
PROV273;Kigoma;;;;;;;;;x
PROV274;Manyoni;;;;;;;;;x
PROV275;Singida;;;;;;;;;x
PROV276;Serengeti;;;;;;;;;x
PROV277;Musoma;;;;;;;;;x
PROV278;Ngorongoro;;;;;;;;;x
PROV279;Bukoba;;;;;;;;;x
PROV280;Biharamulo;;;;;;;;;x
PROV281;Mwanza;;;;;;;;;x
PROV282;Kasulu;;;;;;;;;x
PROV283;Kibondo;;;;;;;;;x
PROV284;Sikonge;;;;;;;;;x
PROV285;Shinyanga;;;;;;;;;x
PROV286;Kaliua;;;;;;;;;x
PROV287;Nzega;;;;;;;;;x
PROV288;Geita;;;;;;;;;x
PROV289;Bukombe;;;;;;;;;x
PROV290;Bariadi;;;;;;;;;x
PROV291;Maswa;;;;;;;;;x
PROV292;Tabora;;;;;;;;;x
PROV293;Uyui;;;;;;;;;x
PROV294;Kilolo;;;;;;;;;x
PROV295;Songwe;;;;;;;;;x
PROV296;Mwanga;;;;;;;;;x
PROV297;Mkuranga;;;;;;;;;x
PROV298;Mwapwa;;;;;;;;;x
PROV299;Kigali;;;;;;;;;x
PROV300;Ngoma;;;;;;;;;x
PROV301;Bujumbura;;;;;;;;;x
PROV302;Mutumba;;;;;;;;;x
PROV303;Buyengero;;;;;;;;;x
PROV304;Kibuye;;;;;;;;;x
PROV305;Mandera;;;;;;;;;x
PROV306;Wajir;;;;;;;;;x
PROV307;Garissa;;;;;;;;;x
PROV308;Lamu;;;;;;;;;x
PROV309;Kwale;;;;;;;;;x
PROV310;Kilifi;;;;;;;;;x
PROV311;Tana;;;;;;;;;x
PROV312;Taita-Taveta;;;;;;;;;x
PROV313;Kitui;;;;;;;;;x
PROV314;Narok;;;;;;;;;x
PROV315;Kajiado;;;;;;;;;x
PROV316;Ilemi;;;;;;;;;x
PROV317;Turkana;;;;;;;;;x
PROV318;Marsabit;;;;;;;;;x
PROV319;Samburu;;;;;;;;;x
PROV320;Isiolo;;;;;;;;;x
PROV321;Makueni;;;;;;;;;x
PROV322;Kisumu;;;;;;;;;x
PROV323;Homabay;;;;;;;;;x
PROV324;Kericho;;;;;;;;;x
PROV325;Laikipia;;;;;;;;;x
PROV326;Bungoma;;;;;;;;;x
PROV327;Uasin Gishu;;;;;;;;;x
PROV328;Baringo;;;;;;;;;x
PROV329;Trans-Nzoia;;;;;;;;;x
PROV330;West Pokot;;;;;;;;;x
PROV331;Meru;;;;;;;;;x
PROV332;Nairobi;;;;;;;;;x
PROV333;Machakos;;;;;;;;;x
PROV334;Nakuru;;;;;;;;;x
PROV335;Embu;;;;;;;;;x
PROV336;Nyeri;;;;;;;;;x
PROV337;Busoga;;;;;;;;;x
PROV338;Masaka;;;;;;;;;x
PROV339;Bombo;;;;;;;;;x
PROV340;Kampala;;;;;;;;;x
PROV341;Mubende;;;;;;;;;x
PROV342;Mbale;;;;;;;;;x
PROV343;Teso;;;;;;;;;x
PROV344;Morota;;;;;;;;;x
PROV345;Kotido;;;;;;;;;x
PROV346;Lango;;;;;;;;;x
PROV347;Acholi;;;;;;;;;x
PROV348;Nki-Bek;;;;;;;;;x
PROV349;Batouri;;;;;;;;;x
PROV350;Logone-et-Chari;;;;;;;;;x
PROV351;Betroka;;;;;;;;;x
PROV352;Tsanaga;;;;;;;;;x
PROV353;Diamaré;;;;;;;;;x
PROV354;Kani;;;;;;;;;x
PROV355;Danay;;;;;;;;;x
PROV356;Louti;;;;;;;;;x
PROV357;Bénoué;;;;;;;;;x
PROV358;Faro;;;;;;;;;x
PROV359;Mayo-Rey;;;;;;;;;x
PROV360;Vina;;;;;;;;;x
PROV361;Faro-et-Déo;;;;;;;;;x
PROV362;Mayo-Banyo;;;;;;;;;x
PROV363;Djérem;;;;;;;;;x
PROV364;Mbéré;;;;;;;;;x
PROV365;Lom-et-Djérem;;;;;;;;;x
PROV366;Haut-Nyong;;;;;;;;;x
PROV367;Boumba-et-Ngoko;;;;;;;;;x
PROV368;Dja-et-Lobo;;;;;;;;;x
PROV369;Vallee-du-Ntem;;;;;;;;;x
PROV370;Océan;;;;;;;;;x
PROV371;Mbam-et-Kim;;;;;;;;;x
PROV372;Haute-Sanaga;;;;;;;;;x
PROV373;Inoubou;;;;;;;;;x
PROV374;Yokadouma;;;;;;;;;x
PROV375;Yaounde;;;;;;;;;x
PROV376;Nyong-et-So'o;;;;;;;;;x
PROV377;Nyong-et-Mfoumou;;;;;;;;;x
PROV378;Nyong-et-Kéllé;;;;;;;;;x
PROV379;Sanaga-Maritime;;;;;;;;;x
PROV380;Seychelles;;;;;;;;;x
PROV381;Moungo;;;;;;;;;x
PROV382;Douala;;;;;;;;;x
PROV383;Mvila;;;;;;;;;x
PROV384;Ivohibe;;;;;;;;;x
PROV385;Mifi;;;;;;;;;x
PROV386;Bafoussam;;;;;;;;;x
PROV387;Manakara;;;;;;;;;x
PROV388;Massangam;;;;;;;;;x
PROV389;Kumbo;;;;;;;;;x
PROV390;Bamenda;;;;;;;;;x
PROV391;Sambava;;;;;;;;;x
PROV392;Pangar;;;;;;;;;x
PROV393;Manyu;;;;;;;;;x
PROV394;;;;;;;;;;x
PROV395;Bertoua;;;;;;;;;x
PROV396;Mahabo;;;;;;;;;x
PROV397;Diema;;;;;;;;;x
PROV398;Koupé-Manengouba;;;;;;;;;x
PROV399;Makari;;;;;;;;;x
PROV400;Etulá;;;;;;;;;x
PROV401;São Tomé e Príncipe;;;;;;;;;x
PROV402;Muni-Litoral;;;;;;;;;x
PROV403;Centro Sur;;;;;;;;;x
PROV404;Ntem;;;;;;;;;x
PROV405;Wele-Nzas;;;;;;;;;x
PROV406;Woleu;;;;;;;;;x
PROV407;Haut-Ntem;;;;;;;;;x
PROV408;Okano;;;;;;;;;x
PROV409;Komo;;;;;;;;;x
PROV410;Noya;;;;;;;;;x
PROV411;Libreville;;;;;;;;;x
PROV412;Bendjé;;;;;;;;;x
PROV413;Etimboué;;;;;;;;;x
PROV414;Ndougou;;;;;;;;;x
PROV415;Mougoutsi;;;;;;;;;x
PROV416;Banio;;;;;;;;;x
PROV417;Douya-Onoyé;;;;;;;;;x
PROV418;Louetsi;;;;;;;;;x
PROV419;Ogoulou;;;;;;;;;x
PROV420;Tsamba-Magotsi;;;;;;;;;x
PROV421;Ogooué et des Lacs;;;;;;;;;x
PROV422;Abanga-Bigné;;;;;;;;;x
PROV423;Lopé;;;;;;;;;x
PROV424;Ambatofinandrahana;;;;;;;;;x
PROV425;Ivindo;;;;;;;;;x
PROV426;Zadié;;;;;;;;;x
PROV427;Sébé-Brikolo;;;;;;;;;x
PROV428;Ankazobe;;;;;;;;;x
PROV429;Djoué;;;;;;;;;x
PROV430;Mpassa;;;;;;;;;x
PROV431;Madirovalo;;;;;;;;;x
PROV432;Mouloundou;;;;;;;;;x
PROV433;Bouenguidi;;;;;;;;;x
PROV434;Offoué-Onoyé;;;;;;;;;x
PROV435;Kouilou;;;;;;;;;x
PROV436;Pointe-Noire;;;;;;;;;x
PROV437;Dolisie-Loubomo;;;;;;;;;x
PROV438;Mossendjo;;;;;;;;;x
PROV439;Nkayi;;;;;;;;;x
PROV440;Lalaua;;;;;;;;;x
PROV441;Mouyondzi;;;;;;;;;x
PROV442;Sibiti;;;;;;;;;x
PROV443;Komono;;;;;;;;;x
PROV444;Zanaga;;;;;;;;;x
PROV445;Bambama;;;;;;;;;x
PROV446;Kinkala;;;;;;;;;x
PROV447;Kindamba;;;;;;;;;x
PROV448;Mayama;;;;;;;;;x
PROV449;Brazzaville;;;;;;;;;x
PROV450;Ngabé;;;;;;;;;x
PROV451;Léfini;;;;;;;;;x
PROV452;Nelspruit;;;;;;;;;x
PROV453;Abala;;;;;;;;;x
PROV454;Gamboma;;;;;;;;;x
PROV455;Okoyo;;;;;;;;;x
PROV456;Owando;;;;;;;;;x
PROV457;Makoua;;;;;;;;;x
PROV458;Liranga;;;;;;;;;x
PROV459;Ewo;;;;;;;;;x
PROV460;Nkomazi;;;;;;;;;x
PROV461;Ouésso;;;;;;;;;x
PROV462;Impfondo;;;;;;;;;x
PROV463;Chaillu;;;;;;;;;x
PROV464;Tenenkou;;;;;;;;;x
PROV465;Pikounda;;;;;;;;;x
PROV466;Djambala;;;;;;;;;x
PROV467;Sangha-Mbaéré;;;;;;;;;x
PROV468;Berbérati;;;;;;;;;x
PROV469;Carnot;;;;;;;;;x
PROV470;Baboua;;;;;;;;;x
PROV471;Bouar;;;;;;;;;x
PROV472;Bozoum;;;;;;;;;x
PROV473;Bocaranga;;;;;;;;;x
PROV474;Paoua;;;;;;;;;x
PROV475;Markounda;;;;;;;;;x
PROV476;Bossangoa;;;;;;;;;x
PROV477;Bouca;;;;;;;;;x
PROV478;Batangafo;;;;;;;;;x
PROV479;Nana-Grébizi;;;;;;;;;x
PROV480;Kémo;;;;;;;;;x
PROV481;Bangui;;;;;;;;;x
PROV482;Yaloke-Bossembélé;;;;;;;;;x
PROV483;Lobaye;;;;;;;;;x
PROV484;Grimari;;;;;;;;;x
PROV485;Bambari;;;;;;;;;x
PROV486;Ippy;;;;;;;;;x
PROV487;Bamingui-Bangoran;;;;;;;;;x
PROV488;Saint-Floris;;;;;;;;;x
PROV489;Vakaga;;;;;;;;;x
PROV490;Haute-Kotto;;;;;;;;;x
PROV491;Bangassou;;;;;;;;;x
PROV492;Gambo-Ouango;;;;;;;;;x
PROV493;Mobaye;;;;;;;;;x
PROV494;Alindao;;;;;;;;;x
PROV495;Rafaï;;;;;;;;;x
PROV496;Haut-Mbomou;;;;;;;;;x
PROV497;La Nya;;;;;;;;;x
PROV498;Monts de Lam;;;;;;;;;x
PROV499;Dodjé;;;;;;;;;x
PROV500;Ngourkosso;;;;;;;;;x
PROV501;Léré-Tréné;;;;;;;;;x
PROV502;Mayo-Boneye;;;;;;;;;x
PROV503;Mayo-Lémié;;;;;;;;;x
PROV504;Tandjilé;;;;;;;;;x
PROV505;Loug Chari;;;;;;;;;x
PROV506;Baguirmi;;;;;;;;;x
PROV507;N'Djamena;;;;;;;;;x
PROV508;Dababa;;;;;;;;;x
PROV509;Haraze Al Biar;;;;;;;;;x
PROV510;Wayi;;;;;;;;;x
PROV511;Mamdi;;;;;;;;;x
PROV512;Zakouma;;;;;;;;;x
PROV513;Barh Signaka;;;;;;;;;x
PROV514;Abtouyour;;;;;;;;;x
PROV515;Guéra;;;;;;;;;x
PROV516;Iro;;;;;;;;;x
PROV517;Barh Köh;;;;;;;;;x
PROV518;Grande Silo;;;;;;;;;x
PROV519;Mandoul;;;;;;;;;x
PROV520;Barh Sara;;;;;;;;;x
PROV521;Aboudeïa;;;;;;;;;x
PROV522;Barh Azoum;;;;;;;;;x
PROV523;Haraze-Mangueigne;;;;;;;;;x
PROV524;Kimiti;;;;;;;;;x
PROV525;Djourf Al Ahmar;;;;;;;;;x
PROV526;Assoungha;;;;;;;;;x
PROV527;Ouara;;;;;;;;;x
PROV528;Dar Tama;;;;;;;;;x
PROV529;Kobé;;;;;;;;;x
PROV530;Wadi Fira;;;;;;;;;x
PROV531;Batha-Est;;;;;;;;;x
PROV532;Fitri;;;;;;;;;x
PROV533;Batha-Ouest;;;;;;;;;x
PROV534;Barh El Gazel;;;;;;;;;x
PROV535;Lake Tchad;;;;;;;;;x
PROV536;Kanem;;;;;;;;;x
PROV537;Ennedi;;;;;;;;;x
PROV538;Borkou;;;;;;;;;x
PROV539;Tibesti;;;;;;;;;x
PROV540;Téra;;;;;;;;;x
PROV541;Tillabéri;;;;;;;;;x
PROV542;Filingue;;;;;;;;;x
PROV543;Niamey;;;;;;;;;x
PROV544;Say;;;;;;;;;x
PROV545;Gaya;;;;;;;;;x
PROV546;Dogondoutchi;;;;;;;;;x
PROV547;Birnin Konni;;;;;;;;;x
PROV548;Tahoua;;;;;;;;;x
PROV549;Madaoua;;;;;;;;;x
PROV550;Abalak;;;;;;;;;x
PROV551;Tchintabaraden;;;;;;;;;x
PROV552;Groumdji;;;;;;;;;x
PROV553;Dakoro;;;;;;;;;x
PROV554;Tazrouk;;;;;;;;;x
PROV555;Tessaoua;;;;;;;;;x
PROV556;Matameye;;;;;;;;;x
PROV557;Zinder;;;;;;;;;x
PROV558;Tanout;;;;;;;;;x
PROV559;Goure;;;;;;;;;x
PROV560;Maïné-Soroa;;;;;;;;;x
PROV561;Diffa;;;;;;;;;x
PROV562;N'Guigmi;;;;;;;;;x
PROV563;Agadez;;;;;;;;;x
PROV564;Arlit;;;;;;;;;x
PROV565;Kaouar;;;;;;;;;x
PROV566;Lagos;Lagos;Lagos;;;;;;;;;x
PROV567;Sissili;;;;;;;;;;;x
PROV568;Porto Novo;Porto Novo;Porto Novo;;;;;;;;;x
PROV569;Lomé;;;;;;;;;;;x
PROV570;Tongu;;;;;;;;;;;x
PROV571;Abomey;Abomey;Abomey;;;;;;;;;x
PROV572;Ketou;Ketou;Ketou;;;;;;;;;x
PROV573;Sokodé;Sokodé;Sokodé;;;;;;;;;x
PROV574;Dankpen;;;;;;;;;;;x
PROV575;Dassa;Dassa;Dassa;;;;;;;;;x
PROV576;Shaki;Shaki;Shaki;;;;;;;;;x
PROV577;Iseyin;Iseyin;Iseyin;;;;;;;;;x
PROV578;Oyo;Oyo;Oyo;;;;;;;;;x
PROV579;Ilorin;Ilorin;Ilorin;;;;;;;;;x
PROV580;Igboho;Igboho;Igboho;;;;;;;;;x
PROV581;Ikare-Akoko;Ikare-Akoko;Ikare-Akoko;;;;;;;;;x
PROV582;Ado-Ekiti;Ado-Ekiti;Ado-Ekiti;;;;;;;;;x
PROV583;Ibadan;Ibadan;Ibadan;;;;;;;;;x
PROV584;Abeokuta;Abeokuta;Abeokuta;;;;;;;;;x
PROV585;Ijebu;Ijebu;Ijebu;;;;;;;;;x
PROV586;Diébougou;;;;;;;;;;;x
PROV587;Ondo;Ondo;Ondo;;;;;;;;;x
PROV588;Akure;Akure;Akure;;;;;;;;;x
PROV589;Owo;Owo;Owo;;;;;;;;;x
PROV590;East Gonja;;;;;;;;;;;x
PROV591;Assin;;;;;;;;;;;x
PROV592;Amenfi;;;;;;;;;;;x
PROV593;Benin;Benin;Benin;;;;;;;;;x
PROV594;Ewu;Ewu;Ewu;;;;;;;;;x
PROV595;Ughelli;Ughelli;Ughelli;;;;;;;;;x
PROV596;Bouaflé;;;;;;;;;;;x
PROV597;Gonja;;;;;;;;;;;x
PROV598;Asaba;Asaba;Asaba;;;;;;;;;x
PROV599;Ontisha;Ontisha;Ontisha;;;;;;;;;x
PROV600;Kwale;Kwale;Kwale;;;;;;;;;x
PROV601;Yamoussoukro;;;;;;;;;;;x
PROV602;Enugu;Enugu;Enugu;;;;;;;;;x
PROV603;Nsukka;Nsukka;Nsukka;;;;;;;;;x
PROV604;Abaleke;Abaleke;Abaleke;;;;;;;;;x
PROV605;Yenagoa;Yenagoa;Yenagoa;;;;;;;;;x
PROV606;Adzope;;;;;;;;;;;x
PROV607;Kénédougou;;;;;;;;;;;x
PROV608;Owerri;Owerri;Owerri;;;;;;;;;x
PROV609;Ugep;Ugep;Ugep;;;;;;;;;x
PROV610;Aba;Aba;Aba;;;;;;;;;x
PROV611;Port Harcourt;Port Harcourt;Port Harcourt;;;;;;;;;x
PROV612;Emohua;Emohua;Emohua;;;;;;;;;x
PROV613;Djougou;Djougou;Djougou;;;;;;;;;x
PROV614;Natitingou;Natitingou;Natitingou;;;;;;;;;x
PROV615;Kandi;Kandi;Kandi;;;;;;;;;x
PROV616;Nikki;Nikki;Nikki;;;;;;;;;x
PROV617;Parakou;Parakou;Parakou;;;;;;;;;x
PROV618;Uyo;Uyo;Uyo;;;;;;;;;x
PROV619;Calabar;Calabar;Calabar;;;;;;;;;x
PROV620;Koudougou;;;;;;;;;;;x
PROV621;Ikom;Ikom;Ikom;;;;;;;;;x
PROV622;Idah;Idah;Idah;;;;;;;;;x
PROV623;Potiskum;Potiskum;Potiskum;;;;;;;;;x
PROV624;Ankpa;Ankpa;Ankpa;;;;;;;;;x
PROV625;Lokoja;Lokoja;Lokoja;;;;;;;;;x
PROV626;Kabba;Kabba;Kabba;;;;;;;;;x
PROV627;Okene;Okene;Okene;;;;;;;;;x
PROV628;Bussa;Bussa;Bussa;;;;;;;;;x
PROV629;Sokoto;Sokoto;Sokoto;;;;;;;;;x
PROV630;Argungu;Argungu;Argungu;;;;;;;;;x
PROV631;Birnin Kebbi;Birnin Kebbi;Birnin Kebbi;;;;;;;;;x
PROV632;Bunza;Bunza;Bunza;;;;;;;;;x
PROV633;Zuru;Zuru;Zuru;;;;;;;;;x
PROV634;Yana;Yana;Yana;;;;;;;;;x
PROV635;Dakingari;Dakingari;Dakingari;;;;;;;;;x
PROV636;Koko;Koko;Koko;;;;;;;;;x
PROV637;Yelwa;Yelwa;Yelwa;;;;;;;;;x
PROV638;Rijau;Rijau;Rijau;;;;;;;;;x
PROV639;Kontagora;Kontagora;Kontagora;;;;;;;;;x
PROV640;Mokwa;Mokwa;Mokwa;;;;;;;;;x
PROV641;Vo;;;;;;;;;;;x
PROV642;;;;;;;;;;;;x
PROV643;Katagum;Katagum;Katagum;;;;;;;;;x
PROV644;Tchaoudjo;;;;;;;;;;;x
PROV645;Tegina;Tegina;Tegina;;;;;;;;;x
PROV646;Garki;Garki;Garki;;;;;;;;;x
PROV647;Ogou;;;;;;;;;;;x
PROV648;Bukkuyum;Bukkuyum;Bukkuyum;;;;;;;;;x
PROV649;Kozah;;;;;;;;;;;x
PROV650;Gwadabawa;Gwadabawa;Gwadabawa;;;;;;;;;x
PROV651;Hombori;;;;;;;;;;;x
PROV652;Darazo;Darazo;Darazo;;;;;;;;;x
PROV653;Goronyo;Goronyo;Goronyo;;;;;;;;;x
PROV654;Dutse;Dutse;Dutse;;;;;;;;;x
PROV655;Shinkafi;Shinkafi;Shinkafi;;;;;;;;;x
PROV656;Gusau;Gusau;Gusau;;;;;;;;;x
PROV657;Kolondiéba;;;;;;;;;;;x
PROV658;Kankara;Kankara;Kankara;;;;;;;;;x
PROV659;Katsina;Katsina;Katsina;;;;;;;;;x
PROV660;Anka;Anka;Anka;;;;;;;;;x
PROV661;Wasagu;Wasagu;Wasagu;;;;;;;;;x
PROV662;Birnin Gwari;Birnin Gwari;Birnin Gwari;;;;;;;;;x
PROV663;Djenné;;;;;;;;;;;x
PROV664;Tureta;Tureta;Tureta;;;;;;;;;x
PROV665;Kadiolo;;;;;;;;;;;x
PROV666;Kuta;Kuta;Kuta;;;;;;;;;x
PROV667;Koulikoro;;;;;;;;;;;x
PROV668;Ping;;;;;;;;;;;x
PROV669;Minna;Minna;Minna;;;;;;;;;x
PROV670;Kwali;Kwali;Kwali;;;;;;;;;x
PROV671;Fika;Fika;Fika;;;;;;;;;x
PROV672;Koton Karfe;Koton Karfe;Koton Karfe;;;;;;;;;x
PROV673;Malanville;Malanville;Malanville;;;;;;;;;x
PROV674;Kaiama;Kaiama;Kaiama;;;;;;;;;x
PROV675;Busuru;Busuru;Busuru;;;;;;;;;x
PROV676;Ségbana;Ségbana;Ségbana;;;;;;;;;x
PROV677;Banikoara;Banikoara;Banikoara;;;;;;;;;x
PROV678;Gougougon;Gougougon;Gougougon;;;;;;;;;x
PROV679;Bembèrèkè;Bembèrèkè;Bembèrèkè;;;;;;;;;x
PROV680;Pèrèrè;Pèrèrè;Pèrèrè;;;;;;;;;x
PROV681;Wa;;;;;;;;;;;x
PROV682;Aplahoué;Aplahoué;Aplahoué;;;;;;;;;x
PROV683;Ouidah;Ouidah;Ouidah;;;;;;;;;x
PROV684;Bobo-Dioulasso;;;;;;;;;;;x
PROV685;Ganzourgou;;;;;;;;;;;x
PROV686;Iwoye;Iwoye;Iwoye;;;;;;;;;x
PROV687;Ningi;Ningi;Ningi;;;;;;;;;x
PROV688;Bantè;Bantè;Bantè;;;;;;;;;x
PROV689;Tchaourou;Tchaourou;Tchaourou;;;;;;;;;x
PROV690;Ayete;Ayete;Ayete;;;;;;;;;x
PROV691;Igbeti;Igbeti;Igbeti;;;;;;;;;x
PROV692;Ogbomosho;Ogbomosho;Ogbomosho;;;;;;;;;x
PROV693;Oubritenga;;;;;;;;;;;x
PROV694;Iwo;Iwo;Iwo;;;;;;;;;x
PROV695;Koforidua;;;;;;;;;;;x
PROV696;Osogbo;Osogbo;Osogbo;;;;;;;;;x
PROV697;Owu-Isin;Owu-Isin;Owu-Isin;;;;;;;;;x
PROV698;Share;Share;Share;;;;;;;;;x
PROV699;Pategi;Pategi;Pategi;;;;;;;;;x
PROV700;Ezorongondo;;;;;;;;;x
PROV701;Swakopmund;;;;;;;;;x
PROV702;Brandberg;;;;;;;;;x
PROV703;Karibib;;;;;;;;;x
PROV704;Naukluft;;;;;;;;;x
PROV705;Windhoek;;;;;;;;;x
PROV706;Rehoboth;;;;;;;;;x
PROV707;Nossob;;;;;;;;;x
PROV708;Mariental;;;;;;;;;x
PROV709;Daweb;;;;;;;;;x
PROV710;Gibeon;;;;;;;;;x
PROV711;Lüderitz;;;;;;;;;x
PROV712;Brukkaros;;;;;;;;;x
PROV713;Keetmanshoop;;;;;;;;;x
PROV714;Karasburg;;;;;;;;;x
PROV715;Richtersveld;;;;;;;;;x
PROV716;Oranjemund;;;;;;;;;x
PROV717;Omatako;;;;;;;;;x
PROV718;Waterberg;;;;;;;;;x
PROV719;Otavi;;;;;;;;;x
PROV720;Grootfontein;;;;;;;;;x
PROV721;Guinas;;;;;;;;;x
PROV722;Ohangwena;;;;;;;;;x
PROV723;Oshana;;;;;;;;;x
PROV724;Omuthiyagwiipundi;;;;;;;;;x
PROV725;Rundu;;;;;;;;;x
PROV726;Khaudum;;;;;;;;;x
PROV727;Khorixas;;;;;;;;;x
PROV728;Epupa;;;;;;;;;x
PROV729;Ruakana;;;;;;;;;x
PROV730;Otamanzi;;;;;;;;;x
PROV731;Mopti;;;;;;;;;x
PROV732;Okitipupa;Okitipupa;Okitipupa;;;;;;;;;x
PROV733;Kati;;;;;;;;;;;x
PROV734;Abuja;;;;;;;;;;;x
PROV735;Nasarawa;Nasarawa;Nasarawa;;;;;;;;;x
PROV736;Damatura;Damatura;Damatura;;;;;;;;;x
PROV737;Kagoro;Kagoro;Kagoro;;;;;;;;;x
PROV738;Kachia;Kachia;Kachia;;;;;;;;;x
PROV739;Kaduna;Kaduna;Kaduna;;;;;;;;;x
PROV740;Soba;Soba;Soba;;;;;;;;;x
PROV741;Tudun Wada;Tudun Wada;Tudun Wada;;;;;;;;;x
PROV742;Funtua;Funtua;Funtua;;;;;;;;;x
PROV743;Zaria;Zaria;Zaria;;;;;;;;;x
PROV744;Sanga;Sanga;Sanga;;;;;;;;;x
PROV745;Jos;Jos;Jos;;;;;;;;;x
PROV746;Lafia;Lafia;Lafia;;;;;;;;;x
PROV747;Wamba;Wamba;Wamba;;;;;;;;;x
PROV748;Akwanga;Akwanga;Akwanga;;;;;;;;;x
PROV749;Doma;Doma;Doma;;;;;;;;;x
PROV750;Akamkpa;Akamkpa;Akamkpa;;;;;;;;;x
PROV751;Vande Ikya;Vande Ikya;Vande Ikya;;;;;;;;;x
PROV752;Katsina Ala;Katsina Ala;Katsina Ala;;;;;;;;;x
PROV753;Gboko;Gboko;Gboko;;;;;;;;;x
PROV754;Otukpo;Otukpo;Otukpo;;;;;;;;;x
PROV755;Makurdi;Makurdi;Makurdi;;;;;;;;;x
PROV756;Wukari;Wukari;Wukari;;;;;;;;;x
PROV757;Takum;Takum;Takum;;;;;;;;;x
PROV758;Gembu;Gembu;Gembu;;;;;;;;;x
PROV759;Bali;Bali;Bali;;;;;;;;;x
PROV760;Mutum Biyu;Mutum Biyu;Mutum Biyu;;;;;;;;;x
PROV761;Otjinene;;;;;;;;;;;x
PROV762;Jalingo;Jalingo;Jalingo;;;;;;;;;x
PROV763;Zarmaganda;;;;;;;;;;;x
PROV764;Numan;Numan;Numan;;;;;;;;;x
PROV765;Yola;Yola;Yola;;;;;;;;;x
PROV766;Ganye;Ganye;Ganye;;;;;;;;;x
PROV767;Shendam;Shendam;Shendam;;;;;;;;;x
PROV768;Wase;Wase;Wase;;;;;;;;;x
PROV769;Pankshin;Pankshin;Pankshin;;;;;;;;;x
PROV770;Bogoro;Bogoro;Bogoro;;;;;;;;;x
PROV771;Alkaleri;Alkaleri;Alkaleri;;;;;;;;;x
PROV772;Bauchi;Bauchi;Bauchi;;;;;;;;;x
PROV773;Gumel;Gumel;Gumel;;;;;;;;;x
PROV774;Maun;;;;;;;;;;;x
PROV775;Batsari;Batsari;Batsari;;;;;;;;;x
PROV776;Tessaoua;;;;;;;;;;;x
PROV777;Maradi;;;;;;;;;;;x
PROV778;Gwarzo;Gwarzo;Gwarzo;;;;;;;;;x
PROV779;Kano;Kano;Kano;;;;;;;;;x
PROV780;Rano;Rano;Rano;;;;;;;;;x
PROV781;Gombe;Gombe;Gombe;;;;;;;;;x
PROV782;Kaltungo;Kaltungo;Kaltungo;;;;;;;;;x
PROV783;Dukku;Dukku;Dukku;;;;;;;;;x
PROV784;Girei;Girei;Girei;;;;;;;;;x
PROV785;Mubi;Mubi;Mubi;;;;;;;;;x
PROV786;Biu;Biu;Biu;;;;;;;;;x
PROV787;Damboa;Damboa;Damboa;;;;;;;;;x
PROV788;Bama;Bama;Bama;;;;;;;;;x
PROV789;Maiduguri;Maiduguri;Maiduguri;;;;;;;;;x
PROV790;Kukawa;Kukawa;Kukawa;;;;;;;;;x
PROV791;Nguru;Nguru;Nguru;;;;;;;;;x
PROV792;Gashua;Gashua;Gashua;;;;;;;;;x
PROV793;Oguma;Oguma;Oguma;;;;;;;;;x
PROV794;Keita;;;;;;;;;;;x
PROV795;Serti;Serti;Serti;;;;;;;;;x
PROV796;Dosso;;;;;;;;;;;x
PROV797;Gamboru;Gamboru;Gamboru;;;;;;;;;x
PROV798;Yambio;;;;;;;;;x
PROV799;Sabie;;;;;;;;;x
PROV800;Junqoley-Boma;;;;;;;;;x
PROV801;Latjoor;;;;;;;;;x
PROV802;Juba;;;;;;;;;x
PROV803;Ez Zeraf;;;;;;;;;x
PROV804;Bor;;;;;;;;;x
PROV805;Muglad;;;;;;;;;x
PROV806;Al Buhayrat;;;;;;;;;x
PROV807;Shimal Bahr al Ghazal;;;;;;;;;x
PROV808;El Obeid;;;;;;;;;x
PROV809;Ad Damir;;;;;;;;;x
PROV810;Warab;;;;;;;;;x
PROV811;Al Wahda;;;;;;;;;x
PROV812;Kadugli;;;;;;;;;x
PROV813;Malakal;;;;;;;;;x
PROV814;Rabak;;;;;;;;;x
PROV815;Ad Damazin;;;;;;;;;x
PROV816;Sennar;;;;;;;;;x
PROV817;Al Qadarif;;;;;;;;;x
PROV818;Kassala;;;;;;;;;x
PROV819;Al Jazirah;;;;;;;;;x
PROV820;Al Khartoum;;;;;;;;;x
PROV821;Zambezi;;;;;;;;;x
PROV822;Ngamiland North;;;;;;;;;x
PROV823;Ngamiland South;;;;;;;;;x
PROV824;Chobe;;;;;;;;;x
PROV825;Selebi-Phikwe;;;;;;;;;x
PROV826;Orapa;;;;;;;;;x
PROV827;Tutume;;;;;;;;;x
PROV828;Serowe;;;;;;;;;x
PROV829;Francistown;;;;;;;;;x
PROV830;Ghanzi;;;;;;;;;x
PROV831;Central Kalahari;;;;;;;;;x
PROV832;Jwaneng;;;;;;;;;x
PROV833;Gabarone;;;;;;;;;x
PROV834;Kgatleng;;;;;;;;;x
PROV835;Kweneng;;;;;;;;;x
PROV836;Kgalagadi South;;;;;;;;;x
PROV837;Kgalagadi North;;;;;;;;;x
PROV838;Cuango-Luzamba;;;;;;;;;x
PROV839;Dundo;;;;;;;;;x
PROV840;Bungo;;;;;;;;;x
PROV841;Quimbele;;;;;;;;;x
PROV842;Songo;;;;;;;;;x
PROV843;Uíge;;;;;;;;;x
PROV844;Ambaca;;;;;;;;;x
PROV845;Cazengo;;;;;;;;;x
PROV846;Calandula;;;;;;;;;x
PROV847;Mucari;;;;;;;;;x
PROV848;Malanje;;;;;;;;;x
PROV849;Quirima;;;;;;;;;x
PROV850;Cacolo;;;;;;;;;x
PROV851;Saurimo;;;;;;;;;x
PROV852;Dala;;;;;;;;;x
PROV853;Namacunde;;;;;;;;;x
PROV854;Cuvelai;;;;;;;;;x
PROV855;Cahama;;;;;;;;;x
PROV856;Ombadja;;;;;;;;;x
PROV857;Andulo;;;;;;;;;x
PROV858;Cuemba;;;;;;;;;x
PROV859;Camacupa;;;;;;;;;x
PROV860;Cuito;;;;;;;;;x
PROV861;Chitembo;;;;;;;;;x
PROV862;Luacano;;;;;;;;;x
PROV863;Leua;;;;;;;;;x
PROV864;Luena;;;;;;;;;x
PROV865;Cangamba;;;;;;;;;x
PROV866;Cuito Cuanavale;;;;;;;;;x
PROV867;Savate;;;;;;;;;x
PROV868;Menongue;;;;;;;;;x
PROV869;Chipindo;;;;;;;;;x
PROV870;Matala;;;;;;;;;x
PROV871;Caluquembe;;;;;;;;;x
PROV872;Bailundo;;;;;;;;;x
PROV873;Caála;;;;;;;;;x
PROV874;Huambo;;;;;;;;;x
PROV875;Bentiaba;;;;;;;;;x
PROV876;Tômbua;;;;;;;;;x
PROV877;Moçamedes;;;;;;;;;x
PROV878;Chiange;;;;;;;;;x
PROV879;Lubango;;;;;;;;;x
PROV880;Baía Farta;;;;;;;;;x
PROV881;Chongorói;;;;;;;;;x
PROV882;Ganda;;;;;;;;;x
PROV883;Lobito;;;;;;;;;x
PROV884;Benguela;;;;;;;;;x
PROV885;Quibala;;;;;;;;;x
PROV886;Mussende;;;;;;;;;x
PROV887;Ebo;;;;;;;;;x
PROV888;Amboim;;;;;;;;;x
PROV889;Sumbe;;;;;;;;;x
PROV890;Quicama;;;;;;;;;x
PROV891;Ambriz;;;;;;;;;x
PROV892;N'zeto;;;;;;;;;x
PROV893;M'banza-Kongo;;;;;;;;;x
PROV894;Soyo;;;;;;;;;x
PROV895;Luanda;;;;;;;;;x
PROV896;Mavinga;;;;;;;;;x
PROV897;Alto Zambeze;;;;;;;;;x
PROV898;Lumbala-Nguimbo;;;;;;;;;x
PROV899;Rivungo;;;;;;;;;x
PROV900;Macia;;;;;;;;;x
PROV901;Massingir;;;;;;;;;x
PROV902;Xai-Xai;;;;;;;;;x
PROV903;Mapai;;;;;;;;;x
PROV904;Chigubo;;;;;;;;;x
PROV905;Machaze;;;;;;;;;x
PROV906;Chimoio;;;;;;;;;x
PROV907;Guro;;;;;;;;;x
PROV908;Maputo;;;;;;;;;x
PROV909;Zumbo;;;;;;;;;x
PROV910;Mague;;;;;;;;;x
PROV911;Tete;;;;;;;;;x
PROV912;Macanga;;;;;;;;;x
PROV913;Doa;;;;;;;;;x
PROV914;Beira;;;;;;;;;x
PROV915;Mocímboa da Praia;;;;;;;;;x
PROV916;Pemba-Metuge;;;;;;;;;x
PROV917;Montepuez;;;;;;;;;x
PROV918;Chiúre;;;;;;;;;x
PROV919;Angoche;;;;;;;;;x
PROV920;Nacala;;;;;;;;;x
PROV921;Mozambique;;;;;;;;;x
PROV922;Namapa;;;;;;;;;x
PROV923;Nampula;;;;;;;;;x
PROV924;Ribáuè;;;;;;;;;x
PROV925;Inharrime;;;;;;;;;x
PROV926;Inhambane;;;;;;;;;x
PROV927;Massinga;;;;;;;;;x
PROV928;Inhassoro;;;;;;;;;x
PROV929;Mabote;;;;;;;;;x
PROV930;Buzi;;;;;;;;;x
PROV931;Chemba;;;;;;;;;x
PROV932;Marromeu;;;;;;;;;x
PROV933;Nhamatanda;;;;;;;;;x
PROV934;Pebane;;;;;;;;;x
PROV935;Gurúè;;;;;;;;;x
PROV936;Alto Molocue;;;;;;;;;x
PROV937;Mabu;;;;;;;;;x
PROV938;Milange;;;;;;;;;x
PROV939;Cuamba;;;;;;;;;x
PROV940;Lago;;;;;;;;;x
PROV941;Mecula;;;;;;;;;x
PROV942;Maua;;;;;;;;;x
PROV943;Mecanhelas;;;;;;;;;x
PROV944;Sanga;;;;;;;;;x
PROV945;N'gauma;;;;;;;;;x
PROV946;Marrupa;;;;;;;;;x
PROV947;Majune;;;;;;;;;x
PROV948;Manhica;;;;;;;;;x
PROV949;Matutuíne;;;;;;;;;x
PROV950;Guijá;;;;;;;;;x
PROV951;Cheredzi;;;;;;;;;x
PROV952;Mwenezi;;;;;;;;;x
PROV953;Blantyre;;;;;;;;;x
PROV954;Masvingo;;;;;;;;;x
PROV955;Gutu;;;;;;;;;x
PROV956;Bikita;;;;;;;;;x
PROV957;Chikhwawa;;;;;;;;;x
PROV958;Beitbridge;;;;;;;;;x
PROV959;Gwanda;;;;;;;;;x
PROV960;Gokwe;;;;;;;;;x
PROV961;Gweru;;;;;;;;;x
PROV962;Hurungwe;;;;;;;;;x
PROV963;Kariba;;;;;;;;;x
PROV964;Hwange;;;;;;;;;x
PROV965;Binga;;;;;;;;;x
PROV966;Harare;;;;;;;;;x
PROV967;Chikomba;;;;;;;;;x
PROV968;Marondera;;;;;;;;;x
PROV969;Mutoko;;;;;;;;;x
PROV970;Mutare;;;;;;;;;x
PROV971;Chipinge;;;;;;;;;x
PROV972;Nyanga;;;;;;;;;x
PROV973;Bindura;;;;;;;;;x
PROV974;Muzarabani;;;;;;;;;x
PROV975;Bulawayo;;;;;;;;;x
PROV976;Lupane;;;;;;;;;x
PROV977;Bulilima;;;;;;;;;x
PROV978;Insiza;;;;;;;;;x
PROV979;Zvishavane;;;;;;;;;x
PROV980;Kwekwe;;;;;;;;;x
PROV981;Chinhoyi;;;;;;;;;x
PROV982;Mhondoro-Ngezi;;;;;;;;;x
PROV983;Zomba;;;;;;;;;x
PROV984;Mangochi;;;;;;;;;x
PROV985;Dedza;;;;;;;;;x
PROV986;Kusungu;;;;;;;;;x
PROV987;Kruger;;;;;;;;;x
PROV988;Nkhata Bay;;;;;;;;;x
PROV989;Nkhotakhota;;;;;;;;;x
PROV990;Lilongwe;;;;;;;;;x
PROV991;Mzimba;;;;;;;;;x
PROV992;Rhumpi;;;;;;;;;x
PROV993;Mpika;;;;;;;;;x
PROV994;Kaputa;;;;;;;;;x
PROV995;Lusaka;;;;;;;;;x
PROV996;Chongwe;;;;;;;;;x
PROV997;Chipata;;;;;;;;;x
PROV998;Lundazi;;;;;;;;;x
PROV999;Chama;;;;;;;;;x
PROV1000;Nyimba;;;;;;;;;x
PROV1001;Petauke;;;;;;;;;x
PROV1002;Serenje;;;;;;;;;x
PROV1003;Solwezi;;;;;;;;;x
PROV1004;Lufwanyama;;;;;;;;;x
PROV1005;Chingola;;;;;;;;;x
PROV1006;Kabwe;;;;;;;;;x
PROV1007;Luanshya;;;;;;;;;x
PROV1008;Mumbwa;;;;;;;;;x
PROV1009;Mkushi;;;;;;;;;x
PROV1010;Sesheke;;;;;;;;;x
PROV1011;Kapiri Mposhi;;;;;;;;;x
PROV1012;Mwinilunga;;;;;;;;;x
PROV1013;Zambezi;;;;;;;;;x
PROV1014;Kasempa;;;;;;;;;x
PROV1015;Itezhi Tezhi;;;;;;;;;x
PROV1016;Kazungula;;;;;;;;;x
PROV1017;Choma;;;;;;;;;x
PROV1018;Siavonga;;;;;;;;;x
PROV1019;Kaoma;;;;;;;;;x
PROV1020;Senanga;;;;;;;;;x
PROV1021;Mongu;;;;;;;;;x
PROV1022;Mansa;;;;;;;;;x
PROV1023;Nchelenge;;;;;;;;;x
PROV1024;Kawambwa;;;;;;;;;x
PROV1025;Kasama;;;;;;;;;x
PROV1026;Mbala;;;;;;;;;x
PROV1027;Luwingu;;;;;;;;;x
PROV1028;Mporokoso;;;;;;;;;x
PROV1029;Isoka;;;;;;;;;x
PROV1030;Chinsali;;;;;;;;;x
PROV1031;Sakania;;;;;;;;;x
PROV1032;Lubumbashi;;;;;;;;;x
PROV1033;Mitwaba;;;;;;;;;x
PROV1034;Pweto;;;;;;;;;x
PROV1035;Moba;;;;;;;;;x
PROV1036;Lubudi;;;;;;;;;x
PROV1037;Kolwezi;;;;;;;;;x
PROV1038;Likasi;;;;;;;;;x
PROV1039;Kasenga;;;;;;;;;x
PROV1040;Dilolo;;;;;;;;;x
PROV1041;Sandoa;;;;;;;;;x
PROV1042;Kapanga;;;;;;;;;x
PROV1043;Kalemie;;;;;;;;;x
PROV1044;Kongolo;;;;;;;;;x
PROV1045;Kabalo;;;;;;;;;x
PROV1046;Nyunzu;;;;;;;;;x
PROV1047;Kaniama;;;;;;;;;x
PROV1048;Kanima;;;;;;;;;x
PROV1049;Bukama;;;;;;;;;x
PROV1050;Manono;;;;;;;;;x
PROV1051;Malemba-Nkulu;;;;;;;;;x
PROV1052;Kabongo;;;;;;;;;x
PROV1053;Mwene-Ditu;;;;;;;;;x
PROV1054;Luiza;;;;;;;;;x
PROV1055;Mbuji-Mayi;;;;;;;;;x
PROV1056;Tshikapa;;;;;;;;;x
PROV1057;Kabambere;;;;;;;;;x
PROV1058;Kibombo;;;;;;;;;x
PROV1059;Kindu;;;;;;;;;x
PROV1060;Kasongo;;;;;;;;;x
PROV1061;Shabunda;;;;;;;;;x
PROV1062;Boma;;;;;;;;;x
PROV1063;Kinshasa;;;;;;;;;x
PROV1064;Luozi;;;;;;;;;x
PROV1065;Cabinda;;;;;;;;;x
PROV1066;M'banza-Ngungu;;;;;;;;;x
PROV1067;Matadi;;;;;;;;;x
PROV1068;Kasongo-Lunda;;;;;;;;;x
PROV1069;Kahemba;;;;;;;;;x
PROV1070;Feshi;;;;;;;;;x
PROV1071;Bandundu;;;;;;;;;x
PROV1072;Bagata;;;;;;;;;x
PROV1073;Kutu;;;;;;;;;x
PROV1074;Bololo;;;;;;;;;x
PROV1075;Mushie;;;;;;;;;x
PROV1076;Inongo;;;;;;;;;x
PROV1077;;;;;;;;;;x
PROV1078;Kikwit;;;;;;;;;x
PROV1079;Idiofa;;;;;;;;;x
PROV1080;Gungu;;;;;;;;;x
PROV1081;Masi-Manimba;;;;;;;;;x
PROV1082;Kenge;;;;;;;;;x
PROV1083;Luebo;;;;;;;;;x
PROV1084;Mweka;;;;;;;;;x
PROV1085;Mbadaka;;;;;;;;;x
PROV1086;Bokwango;;;;;;;;;x
PROV1087;Gemena;;;;;;;;;x
PROV1088;Bongadanga;;;;;;;;;x
PROV1089;Basankusu;;;;;;;;;x
PROV1090;Bolomba;;;;;;;;;x
PROV1091;Lisala;;;;;;;;;x
PROV1092;Libenge;;;;;;;;;x
PROV1093;Yakoma;;;;;;;;;x
PROV1094;Bosobolo;;;;;;;;;x
PROV1095;Mobayi-Mbongo;;;;;;;;;x
PROV1096;Irumu;;;;;;;;;x
PROV1097;Djugu;;;;;;;;;x
PROV1098;Mambasa;;;;;;;;;x
PROV1099;Fizi;;;;;;;;;x
PROV1100;Bukavu;;;;;;;;;x
PROV1101;Kalehe;;;;;;;;;x
PROV1102;Mwenga;;;;;;;;;x
PROV1103;Gobabis;;;;;;;;;x
PROV1104;Faradje;;;;;;;;;x
PROV1105;Dungu;;;;;;;;;x
PROV1106;Ango;;;;;;;;;x
PROV1107;Bondo;;;;;;;;;x
PROV1108;Budjala;;;;;;;;;x
PROV1109;Businga;;;;;;;;;x
PROV1110;Bumba;;;;;;;;;x
PROV1111;Basoko;;;;;;;;;x
PROV1112;Yahuma;;;;;;;;;x
PROV1113;Kisangani;;;;;;;;;x
PROV1114;Buta;;;;;;;;;x
PROV1115;Aketi;;;;;;;;;x
PROV1116;Ingende;;;;;;;;;x
PROV1117;Kazumba;;;;;;;;;x
PROV1118;Kananga;;;;;;;;;x
PROV1119;Demba;;;;;;;;;x
PROV1120;Dimbelenge;;;;;;;;;x
PROV1121;Lubao;;;;;;;;;x
PROV1122;Kabinda;;;;;;;;;x
PROV1123;Ngandajika;;;;;;;;;x
PROV1124;Lusambo;;;;;;;;;x
PROV1125;Lubefu;;;;;;;;;x
PROV1126;Isiro;;;;;;;;;x
PROV1127;Mundri;;;;;;;;;x
PROV1128;Wau;;;;;;;;;x
PROV1129;Raga;;;;;;;;;x
PROV1130;Al Fashir;;;;;;;;;x
PROV1131;Al Junaynah;;;;;;;;;x
PROV1132;Nyala;;;;;;;;;x
PROV1133;Ouadda;;;;;;;;;x
PROV1134;Gash-Barka;;;;;;;;;x
PROV1135;Assab;;;;;;;;;x
PROV1136;Massawa;;;;;;;;;x
PROV1137;Asmara;;;;;;;;;x
PROV1138;Anseba;;;;;;;;;x
PROV1139;Djibouti;;;;;;;;;x
PROV1140;Tadjoura;;;;;;;;;x
PROV1141;Dahlak;;;;;;;;;x
PROV1142;Dollo;;;;;;;;;x
PROV1143;Jarar;;;;;;;;;x
PROV1144;Fafan;;;;;;;;;x
PROV1145;Sitti;;;;;;;;;x
PROV1146;Korahe;;;;;;;;;x
PROV1147;Liben;;;;;;;;;x
PROV1148;Borena;;;;;;;;;x
PROV1149;Afder;;;;;;;;;x
PROV1150;Shabelle;;;;;;;;;x
PROV1151;Guji;;;;;;;;;x
PROV1152;Bale;;;;;;;;;x
PROV1153;Nogob;;;;;;;;;x
PROV1154;Arsi;;;;;;;;;x
PROV1155;East Shewa;;;;;;;;;x
PROV1156;Addis Ababa;;;;;;;;;x
PROV1157;West Shewa;;;;;;;;;x
PROV1158;Shewa Oromia;;;;;;;;;x
PROV1159;Shewa Amhara;;;;;;;;;x
PROV1160;East Gojjam;;;;;;;;;x
PROV1161;West Gojjam;;;;;;;;;x
PROV1162;West Hararghe;;;;;;;;;x
PROV1163;West Arsi;;;;;;;;;x
PROV1164;South Oms;;;;;;;;;x
PROV1165;Bench Maji;;;;;;;;;x
PROV1166;Anuak;;;;;;;;;x
PROV1167;Metekel;;;;;;;;;x
PROV1168;Agew Awi;;;;;;;;;x
PROV1169;Horo Guduru Welega;;;;;;;;;x
PROV1170;Segen;;;;;;;;;x
PROV1171;Gedao;;;;;;;;;x
PROV1172;Sidama;;;;;;;;;x
PROV1173;Kelem Walega;;;;;;;;;x
PROV1174;Illubabor;;;;;;;;;x
PROV1175;Asosa;;;;;;;;;x
PROV1176;West Welega;;;;;;;;;x
PROV1177;East Welega;;;;;;;;;x
PROV1178;Kamashi;;;;;;;;;x
PROV1179;Keffa;;;;;;;;;x
PROV1180;Sheka;;;;;;;;;x
PROV1181;North Gondar;;;;;;;;;x
PROV1182;South Gondar;;;;;;;;;x
PROV1183;Wag Hemra;;;;;;;;;x
PROV1184;West Tigray;;;;;;;;;x
PROV1185;East Tigray;;;;;;;;;x
PROV1186;North Wollo;;;;;;;;;x
PROV1187;South Wollo;;;;;;;;;x
PROV1188;Argobba;;;;;;;;;x
PROV1189;South Afar;;;;;;;;;x
PROV1190;North Afar;;;;;;;;;x
PROV1191;Afar;;;;;;;;;x
PROV1192;West Afar;;;;;;;;;x
PROV1193;East Hararghe;;;;;;;;;x
PROV1194;Jimma;;;;;;;;;x
PROV1195;Gamo Gofa;;;;;;;;;x
PROV1196;Dawro;;;;;;;;;x
PROV1197;Gurage;;;;;;;;;x
PROV1198;Hadiya;;;;;;;;;x
PROV1199;Zallingi;;;;;;;;;x
PROV1200;Omdurman;;;;;;;;;x
PROV1201;Abu Hamed;;;;;;;;;x
PROV1202;Ad Douiem;;;;;;;;;x
PROV1203;Sinkat;;;;;;;;;x
PROV1204;Port Sudan;;;;;;;;;x
PROV1205;Nasser;;;;;;;;;x
PROV1206;Al Goled;;;;;;;;;x
PROV1207;Dongola;;;;;;;;;x
PROV1208;En Nahud;;;;;;;;;x
PROV1209;El Daein;;;;;;;;;x
PROV1210;Shendi;;;;;;;;;x
PROV1211;Tambura;;;;;;;;;x
PROV1212;Gereida;;;;;;;;;x
PROV1213;Al Manaqil;;;;;;;;;x
PROV1214;Kurnuk;;;;;;;;;x
PROV1215;Magwi;;;;;;;;;x
PROV1216;Kapoeta;;;;;;;;;x
PROV1217;Yei;;;;;;;;;x
PROV1218;Yirol;;;;;;;;;x
PROV1219;Kabkabiya;;;;;;;;;x
PROV1220;;;;;;;;;;x
PROV1221;Melut;;;;;;;;;x
PROV1222;Nakfa;;;;;;;;;x
PROV1223;Abacheri;;;;;;;;;x
PROV1224;Cape Town;;;;;;;;;x
PROV1225;Port Elizabeth;;;;;;;;;x
PROV1226;East London;;;;;;;;;x
PROV1227;Durban;;;;;;;;;x
PROV1228;KwaDukuza;;;;;;;;;x
PROV1229;Hibberdene;;;;;;;;;x
PROV1230;Port Shepstone;;;;;;;;;x
PROV1231;Stellenbosch;;;;;;;;;x
PROV1232;Vredenburg;;;;;;;;;x
PROV1233;Piketberg;;;;;;;;;x
PROV1234;Winterhoek;;;;;;;;;x
PROV1235;Vredendal;;;;;;;;;x
PROV1236;Kamiesburg;;;;;;;;;x
PROV1237;Nama Khoi;;;;;;;;;x
PROV1238;Khara Hais;;;;;;;;;x
PROV1239;Richtersveld;;;;;;;;;x
PROV1240;Karoo Hoogland;;;;;;;;;x
PROV1241;Khai-Ma;;;;;;;;;x
PROV1242;Hantam;;;;;;;;;x
PROV1243;Mier;;;;;;;;;x
PROV1244;Kai Garib;;;;;;;;;x
PROV1245;Kheis;;;;;;;;;x
PROV1246;Tsantsabane;;;;;;;;;x
PROV1247;Kgatelopele;;;;;;;;;x
PROV1248;Moshaweng;;;;;;;;;x
PROV1249;Ga-Segonyana;;;;;;;;;x
PROV1250;Dikgatlong;;;;;;;;;x
PROV1251;Sol Plaatje;;;;;;;;;x
PROV1252;Emthanjeni;;;;;;;;;x
PROV1253;Kareeberg;;;;;;;;;x
PROV1254;Renosterberg;;;;;;;;;x
PROV1255;Thembelihle;;;;;;;;;x
PROV1256;Umsobomvu;;;;;;;;;x
PROV1257;Ubuntu;;;;;;;;;x
PROV1258;Siyathemba;;;;;;;;;x
PROV1259;Siyancuma;;;;;;;;;x
PROV1260;Kagisano-Molopo;;;;;;;;;x
PROV1261;Polokwane;;;;;;;;;x
PROV1262;Fotadrevo;;;;;;;;;x
PROV1263;Blouberg;;;;;;;;;x
PROV1264;Molemole;;;;;;;;;x
PROV1265;Makhado;;;;;;;;;x
PROV1266;Musina;;;;;;;;;x
PROV1267;Thulamela;;;;;;;;;x
PROV1268;Ba-Phalaborwa;;;;;;;;;x
PROV1269;Greater Giyani;;;;;;;;;x
PROV1270;Greater Tzaneen;;;;;;;;;x
PROV1271;Fetakgomo-Tubatse;;;;;;;;;x
PROV1272;Makhuduthamaga;;;;;;;;;x
PROV1273;Elias Motsoaledi;;;;;;;;;x
PROV1274;Thabazimbi;;;;;;;;;x
PROV1275;Lephalale;;;;;;;;;x
PROV1276;Bela-Bela;;;;;;;;;x
PROV1277;Mogalakwena;;;;;;;;;x
PROV1278;Modimolle;;;;;;;;;x
PROV1279;Richards Bay;;;;;;;;;x
PROV1280;Pietermaritzburg;;;;;;;;;x
PROV1281;Pretoria;;;;;;;;;x
PROV1282;Bronkhorstspruit;;;;;;;;;x
PROV1283;Vereeniging;;;;;;;;;x
PROV1284;Soweto;;;;;;;;;x
PROV1285;Johannesburg;;;;;;;;;x
PROV1286;Potchefstroom;;;;;;;;;x
PROV1287;Matlosana;;;;;;;;;x
PROV1288;Berea;;;;;;;;;x
PROV1289;Maseru;;;;;;;;;x
PROV1290;Leribe;;;;;;;;;x
PROV1291;Mohale's Hoek;;;;;;;;;x
PROV1292;Mafeteng;;;;;;;;;x
PROV1293;Thaba-Tseka;;;;;;;;;x
PROV1294;Mokhotlong;;;;;;;;;x
PROV1295;Hermanus;;;;;;;;;x
PROV1296;Cape Agulhas;;;;;;;;;x
PROV1297;Hessequa;;;;;;;;;x
PROV1298;Langeberg;;;;;;;;;x
PROV1299;Breede;;;;;;;;;x
PROV1300;Oudtshoorn;;;;;;;;;x
PROV1301;George;;;;;;;;;x
PROV1302;South Cape;;;;;;;;;x
PROV1303;Laingsburg;;;;;;;;;x
PROV1304;Prince Albert;;;;;;;;;x
PROV1305;Beaufort West;;;;;;;;;x
PROV1306;Kou-Kamma;;;;;;;;;x
PROV1307;Blue Crane;;;;;;;;;x
PROV1308;Makana;;;;;;;;;x
PROV1309;Uitenhage;;;;;;;;;x
PROV1310;Camdeboo;;;;;;;;;x
PROV1311;Baviaans;;;;;;;;;x
PROV1312;Nkonkobe;;;;;;;;;x
PROV1313;Morgans Bay;;;;;;;;;x
PROV1314;Mbhashe;;;;;;;;;x
PROV1315;Mthatha;;;;;;;;;x
PROV1316;Port St. Johns;;;;;;;;;x
PROV1317;Umzimvubu;;;;;;;;;x
PROV1318;Matatiele;;;;;;;;;x
PROV1319;Kokstad;;;;;;;;;x
PROV1320;Ingwe;;;;;;;;;x
PROV1321;uMngeni;;;;;;;;;x
PROV1322;Ladysmith;;;;;;;;;x
PROV1323;Maluti-a-Phofung;;;;;;;;;x
PROV1324;Bethlehem;;;;;;;;;x
PROV1325;Setsoto;;;;;;;;;x
PROV1326;Bloemfontein;;;;;;;;;x
PROV1327;Mohokare;;;;;;;;;x
PROV1328;Ulundi;;;;;;;;;x
PROV1329;Letsemeng;;;;;;;;;x
PROV1330;Mtubatuba;;;;;;;;;x
PROV1331;Sibayi;;;;;;;;;x
PROV1332;KwaDukuza;;;;;;;;;x
PROV1333;Newcastle;;;;;;;;;x
PROV1334;Dundee;;;;;;;;;x
PROV1335;Vryheid;;;;;;;;;x
PROV1336;Paulpietersburg;;;;;;;;;x
PROV1337;Umvoti;;;;;;;;;x
PROV1338;Lubombo;;;;;;;;;x
PROV1339;Hhohho;;;;;;;;;x
PROV1340;Manzini;;;;;;;;;x
PROV1341;Shiselweni;;;;;;;;;x
PROV1342;Albert Luthuli;;;;;;;;;x
PROV1343;Thembisile Hani;;;;;;;;;x
PROV1344;Emalahleni;;;;;;;;;x
PROV1345;Emakhazeni;;;;;;;;;x
PROV1346;Standerton;;;;;;;;;x
PROV1347;Ermelo;;;;;;;;;x
PROV1348;Piet Retief;;;;;;;;;x
PROV1349;Inxuba Yethemba;;;;;;;;;x
PROV1350;Enoch Mgijima;;;;;;;;;x
PROV1351;Lady Frere;;;;;;;;;x
PROV1352;Engcobo;;;;;;;;;x
PROV1353;Kopanong;;;;;;;;;x
PROV1354;Walter Sisulu;;;;;;;;;x
PROV1355;Senqu;;;;;;;;;x
PROV1356;Elundini;;;;;;;;;x
PROV1357;Amahlathi;;;;;;;;;x
PROV1358;Mafube;;;;;;;;;x
PROV1359;Ngwathe;;;;;;;;;x
PROV1360;Moqhaka;;;;;;;;;x
PROV1361;Matjhabeng;;;;;;;;;x
PROV1362;Nala;;;;;;;;;x
PROV1363;Masilonyana;;;;;;;;;x
PROV1364;Tswelopele;;;;;;;;;x
PROV1365;Tokologo;;;;;;;;;x
PROV1366;Mamusa;;;;;;;;;x
PROV1367;Greater Taung;;;;;;;;;x
PROV1368;Vryburg;;;;;;;;;x
PROV1369;Ditsobotla;;;;;;;;;x
PROV1370;Mahikeng;;;;;;;;;x
PROV1371;Moses Kotane;;;;;;;;;x
PROV1372;Rustenburg;;;;;;;;;x
PROV1373;Mahalapye;;;;;;;;;x
PROV1374;Bobonong;;;;;;;;;x
PROV1375;Makgadikgadi;;;;;;;;;x
PROV1376;Lodja;;;;;;;;;x
PROV1377;Lomela;;;;;;;;;x
PROV1378;Banalia;;;;;;;;;x
PROV1379;Kole;;;;;;;;;x
PROV1380;Mpole;;;;;;;;;x
PROV1381;Gendo;;;;;;;;;x
PROV1382;Boyeka;;;;;;;;;x
PROV1383;Dongo;;;;;;;;;x
PROV1384;Dongou;;;;;;;;;x
PROV1385;Etoumbi;;;;;;;;;x
PROV1386;Beu;;;;;;;;;x
PROV1387;Madimba;;;;;;;;;x
PROV1388;Shilabo;;;;;;;;;x
PROV1389;Mwenga;;;;;;;;;x
PROV1390;Beni;;;;;;;;;x
PROV1391;Butembo;;;;;;;;;x
PROV1392;Kanya Bayonga;;;;;;;;;x
PROV1393;Kashbere;;;;;;;;;x
PROV1394;Mahagi;;;;;;;;;x
PROV1395;Kakuma;;;;;;;;;x
PROV1396;Sibiloi;;;;;;;;;x
PROV1397;Gao;;;;;;;;;x
PROV1398;Diré;;;;;;;;;x
PROV1399;Kwahu;;;;;;;;;x
PROV1400;Oshwe;;;;;;;;;x
PROV1401;Chigamane;;;;;;;;;x
PROV1402;Mavume;;;;;;;;;x
PROV1403;Catandica;;;;;;;;;x
PROV1404;Regone;;;;;;;;;x
PROV1405;Nametil;;;;;;;;;x
PROV1406;Mueda;;;;;;;;;x
PROV1407;Garsen;;;;;;;;;x
PROV1408;Mombasa;;;;;;;;;x
PROV1409;Sekyere;;;;;;;;;x
PROV1410;Soum;;;;;;;;;x
PROV1411;Passoré;;;;;;;;;x
PROV1412;Zoundwéogo;;;;;;;;;x
PROV1413;Boulgou;;;;;;;;;x
PROV1414;Moramanga;;;;;;;;;x
PROV1415;Mufumbwe;;;;;;;;;x
PROV1416;Mpongwe;;;;;;;;;x
PROV1417;Mazabuka;;;;;;;;;x
PROV1418;Kismayo;;;;;;;;;x
PROV1419;Afmadow;;;;;;;;;x
PROV1420;Middle Juba;;;;;;;;;x
PROV1421;Bardhere;;;;;;;;;x
PROV1422;Garbaharey;;;;;;;;;x
PROV1423;Barawa;;;;;;;;;x
PROV1424;Merca;;;;;;;;;x
PROV1425;Mogadishu;;;;;;;;;x
PROV1426;;;;;;;;;;x
PROV1427;Baay;;;;;;;;;x
PROV1428;Shabeellaha;;;;;;;;;x
PROV1429;Buuloburde;;;;;;;;;x
PROV1430;Dhusamareeb;;;;;;;;;x
PROV1431;El Buur;;;;;;;;;x
PROV1432;Haradhere;;;;;;;;;x
PROV1433;Hobyo;;;;;;;;;x
PROV1434;Galkayo;;;;;;;;;x
PROV1435;Nugaal;;;;;;;;;x
PROV1436;Karkaar;;;;;;;;;x
PROV1437;Guardafui;;;;;;;;;x
PROV1438;Bosaso;;;;;;;;;x
PROV1439;Badhan;;;;;;;;;x
PROV1440;Erigavo;;;;;;;;;x
PROV1441;Khaatumo;;;;;;;;;x
PROV1442;Sool;;;;;;;;;x
PROV1443;Buuhoodle;;;;;;;;;x
PROV1444;Burao;;;;;;;;;x
PROV1445;Sahil;;;;;;;;;x
PROV1446;Hargeysa;;;;;;;;;x
PROV1447;Awdal;;;;;;;;;x
PROV1448;Bakool;;;;;;;;;x
PROV1449;Beledweyne;;;;;;;;;x
PROV1450;Mohéli;;;;;;;;;x
PROV1451;Anjouan;;;;;;;;;x
PROV1452;Grande Terre;;;;;;;;;x
PROV1453;Socotra;;;;;;;;;x
PROV1454;Farasan;;;;;;;;;x
PROV1455;;;;;;;;;;x
PROV1456;;;;;;;;;;x
PROV1457;;;;;;;;;;x
PROV1458;;;;;;;;;;x
PROV1459;;;;;;;;;;x
PROV1460;;;;;;;;;;x
PROV1461;;;;;;;;;;x
PROV1462;;;;;;;;;;x
PROV1463;;;;;;;;;;x
PROV1464;;;;;;;;;;x
PROV1465;;;;;;;;;;x
PROV1466;;;;;;;;;;x
PROV1467;;;;;;;;;;x
PROV1468;;;;;;;;;;x
PROV1469;;;;;;;;;;x
PROV1470;;;;;;;;;;x
PROV1471;;;;;;;;;;x
PROV1472;;;;;;;;;;x
PROV1473;;;;;;;;;;x
PROV1474;;;;;;;;;;x
PROV1475;;;;;;;;;;x
PROV1476;;;;;;;;;;x
PROV1477;;;;;;;;;;x
PROV1478;;;;;;;;;;x
PROV1479;;;;;;;;;;x
PROV1480;;;;;;;;;;x
PROV1481;;;;;;;;;;x
PROV1482;;;;;;;;;;x
PROV1483;;;;;;;;;;x
PROV1484;;;;;;;;;;x
PROV1485;;;;;;;;;;x
PROV1486;;;;;;;;;;x
PROV1487;;;;;;;;;;x
PROV1488;;;;;;;;;;x
PROV1489;;;;;;;;;;x
PROV1490;;;;;;;;;;x
PROV1491;;;;;;;;;;x
PROV1492;;;;;;;;;;x
PROV1493;;;;;;;;;;x
PROV1494;;;;;;;;;;x
PROV1495;;;;;;;;;;x
PROV1496;;;;;;;;;;x
PROV1497;;;;;;;;;;x
PROV1498;;;;;;;;;;x
PROV1499;;;;;;;;;;x
PROV1500;Cape Verde Waters;;;;;;;;;x
PROV1501;Mauretanian Coast;;;;;;;;;x
PROV1502;Senegalese Coast;;;;;;;;;x
PROV1503;Guinean Coast;;;;;;;;;x
PROV1504;Freetown Coast;;;;;;;;;x
PROV1505;Monrovian Coast;;;;;;;;;x
PROV1506;Cape Palmas;;;;;;;;;x
PROV1507;Ivory Coast;;;;;;;;;x
PROV1508;Ghanan Coast;;;;;;;;;x
PROV1509;Lagos Coast;;;;;;;;;x
PROV1510;Bight of Bonny;;;;;;;;;x
PROV1511;Equatorial Coast;;;;;;;;;x
PROV1512;Outer Bight of Bonny;;;;;;;;;x
PROV1513;Outer Gulf of Guinea;;;;;;;;;x
PROV1514;Outer Gulf of Guinea;;;;;;;;;x
PROV1515;Gabon Coast;;;;;;;;;x
PROV1516;Congolese Coast;;;;;;;;;x
PROV1517;Angolan Coast;;;;;;;;;x
PROV1518;Namibe Coast;;;;;;;;;x
PROV1519;Skeleton Coast;;;;;;;;;x
PROV1520;Namibian Coast;;;;;;;;;x
PROV1521;West Coast;;;;;;;;;x
PROV1522;Cape of Good Hope;;;;;;;;;x
PROV1523;South Coast;;;;;;;;;x
PROV1524;Elizabeth Coast;;;;;;;;;x
PROV1525;East Coast;;;;;;;;;x
PROV1526;Durban Coast;;;;;;;;;x
PROV1527;Maputo Coast;;;;;;;;;x
PROV1528;Mozambique Channel;;;;;;;;;x
PROV1529;Mozambique Channel;;;;;;;;;x
PROV1530;Mozambique Channel;;;;;;;;;x
PROV1531;Southern Zanzibar;;;;;;;;;x
PROV1532;Northern Zanzibar;;;;;;;;;x
PROV1533;Mozambique Channel;;;;;;;;;x
PROV1534;Mozambique Channel;;;;;;;;;x
PROV1535;Mozambique Channel;;;;;;;;;x
PROV1536;Comoro Islands;;;;;;;;;x
PROV1537;Outer Mauritius;;;;;;;;;x
PROV1538;Mauritius Waters;;;;;;;;;x
PROV1539;Northern Madagascar Coast;;;;;;;;;x
PROV1540;Antalaha Coast;;;;;;;;;x
PROV1541;Toamasina Coast;;;;;;;;;x
PROV1542;Manakara Coast;;;;;;;;;x
PROV1543;Southern Madagascar Coast;;;;;;;;;x
PROV1544;Southern Indian Ocean;;;;;;;;;x
PROV1545;Outer Zanzibar;;;;;;;;;x
PROV1546;Southern Somalian Coast;;;;;;;;;x
PROV1547;Mogadishu Coast;;;;;;;;;x
PROV1548;Somalian Coast;;;;;;;;;x
PROV1549;Northern Somalian Coast;;;;;;;;;x
PROV1550;Socotra Waters;;;;;;;;;x
PROV1551;Omani Coast;;;;;;;;;x
PROV1552;Outer Gulf of Aden;;;;;;;;;x
PROV1553;Gulf of Aden;;;;;;;;;x
PROV1554;Red Sea;;;;;;;;;x
PROV1555;Arabian Coast;;;;;;;;;x
PROV1556;Sudanese Coast;;;;;;;;;x
PROV1557;;;;;;;;;;x
PROV1558;;;;;;;;;;x
PROV1559;;;;;;;;;;x
PROV1560;;;;;;;;;;x
PROV1561;;;;;;;;;;x
PROV1562;;;;;;;;;;x
PROV1563;;;;;;;;;;x
PROV1564;;;;;;;;;;x
PROV1565;;;;;;;;;;x
PROV1566;;;;;;;;;;x
PROV1567;;;;;;;;;;x
PROV1568;;;;;;;;;;x
PROV1569;;;;;;;;;;x
PROV1570;;;;;;;;;;x
PROV1571;;;;;;;;;;x
PROV1572;;;;;;;;;;x
PROV1573;;;;;;;;;;x
PROV1574;;;;;;;;;;x
PROV1575;;;;;;;;;;x
PROV1576;;;;;;;;;;x
PROV1577;;;;;;;;;;x
PROV1578;;;;;;;;;;x
PROV1579;;;;;;;;;;x
PROV1580;;;;;;;;;;x
PROV1581;;;;;;;;;;x
PROV1582;;;;;;;;;;x
PROV1583;;;;;;;;;;x
PROV1584;;;;;;;;;;x
PROV1585;;;;;;;;;;x
PROV1586;;;;;;;;;;x
PROV1587;;;;;;;;;;x
PROV1588;;;;;;;;;;x
PROV1589;;;;;;;;;;x
PROV1590;;;;;;;;;;x
PROV1591;;;;;;;;;;x
PROV1592;;;;;;;;;;x
PROV1593;;;;;;;;;;x
PROV1594;;;;;;;;;;x
PROV1595;;;;;;;;;;x
PROV1596;;;;;;;;;;x
PROV1597;;;;;;;;;;x
PROV1598;;;;;;;;;;x
PROV1599;;;;;;;;;;x
PROV1600;;;;;;;;;;x
PROV1601;;;;;;;;;;x
PROV1602;;;;;;;;;;x
PROV1603;;;;;;;;;;x
PROV1604;;;;;;;;;;x
PROV1605;;;;;;;;;;x
PROV1606;;;;;;;;;;x
PROV1607;;;;;;;;;;x
PROV1608;;;;;;;;;;x
PROV1609;;;;;;;;;;x
PROV1610;;;;;;;;;;x
PROV1611;;;;;;;;;;x
PROV1612;;;;;;;;;;x
PROV1613;;;;;;;;;;x
PROV1614;;;;;;;;;;x
PROV1615;;;;;;;;;;x
PROV1616;;;;;;;;;;x
PROV1617;;;;;;;;;;x
PROV1618;;;;;;;;;;x
PROV1619;;;;;;;;;;x
PROV1620;;;;;;;;;;x
PROV1621;;;;;;;;;;x
PROV1622;;;;;;;;;;x
PROV1623;;;;;;;;;;x
PROV1624;;;;;;;;;;x
PROV1625;;;;;;;;;;x
PROV1626;;;;;;;;;;x
PROV1627;;;;;;;;;;x
PROV1628;;;;;;;;;;x
PROV1629;;;;;;;;;;x
PROV1630;;;;;;;;;;x
PROV1631;;;;;;;;;;x
PROV1632;;;;;;;;;;x
PROV1633;;;;;;;;;;x
PROV1634;;;;;;;;;;x
PROV1635;;;;;;;;;;x
PROV1636;;;;;;;;;;x
PROV1637;;;;;;;;;;x
PROV1638;;;;;;;;;;x
PROV1639;;;;;;;;;;x
PROV1640;;;;;;;;;;x
PROV1641;;;;;;;;;;x
PROV1642;;;;;;;;;;x
PROV1643;;;;;;;;;;x
PROV1644;;;;;;;;;;x
PROV1645;;;;;;;;;;x
PROV1646;;;;;;;;;;x
PROV1647;;;;;;;;;;x
PROV1648;;;;;;;;;;x
PROV1649;;;;;;;;;;x
PROV1650;;;;;;;;;;x
PROV1651;;;;;;;;;;x
PROV1652;;;;;;;;;;x
PROV1653;;;;;;;;;;x
PROV1654;;;;;;;;;;x
PROV1655;;;;;;;;;;x
PROV1656;;;;;;;;;;x
PROV1657;;;;;;;;;;x
PROV1658;;;;;;;;;;x
PROV1659;;;;;;;;;;x
PROV1660;;;;;;;;;;x
PROV1661;;;;;;;;;;x
PROV1662;;;;;;;;;;x
PROV1663;;;;;;;;;;x
PROV1664;;;;;;;;;;x
PROV1665;;;;;;;;;;x
PROV1666;;;;;;;;;;x
PROV1667;;;;;;;;;;x
PROV1668;;;;;;;;;;x
PROV1669;;;;;;;;;;x
PROV1670;;;;;;;;;;x
PROV1671;;;;;;;;;;x
PROV1672;;;;;;;;;;x
PROV1673;;;;;;;;;;x
PROV1674;;;;;;;;;;x
PROV1675;;;;;;;;;;x
PROV1676;;;;;;;;;;x
PROV1677;;;;;;;;;;x
PROV1678;;;;;;;;;;x
PROV1679;;;;;;;;;;x
PROV1680;;;;;;;;;;x
PROV1681;;;;;;;;;;x
PROV1682;;;;;;;;;;x
PROV1683;;;;;;;;;;x
PROV1684;;;;;;;;;;x
PROV1685;;;;;;;;;;x
PROV1686;;;;;;;;;;x
PROV1687;;;;;;;;;;x
PROV1688;;;;;;;;;;x
PROV1689;;;;;;;;;;x
PROV1690;;;;;;;;;;x
PROV1691;;;;;;;;;;x
PROV1692;;;;;;;;;;x
PROV1693;;;;;;;;;;x
PROV1694;;;;;;;;;;x
PROV1695;;;;;;;;;;x
PROV1696;;;;;;;;;;x
PROV1697;;;;;;;;;;x
PROV1698;;;;;;;;;;x
PROV1699;;;;;;;;;;x
PROV1700;;;;;;;;;;x
PROV1701;;;;;;;;;;x
PROV1702;;;;;;;;;;x
PROV1703;;;;;;;;;;x
PROV1704;;;;;;;;;;x
PROV1705;;;;;;;;;;x
PROV1706;;;;;;;;;;x
PROV1707;;;;;;;;;;x
PROV1708;;;;;;;;;;x
PROV1709;;;;;;;;;;x
PROV1710;;;;;;;;;;x
PROV1711;;;;;;;;;;x
PROV1712;;;;;;;;;;x
PROV1713;;;;;;;;;;x
PROV1714;;;;;;;;;;x
PROV1715;;;;;;;;;;x
PROV1716;;;;;;;;;;x
PROV1717;;;;;;;;;;x
PROV1718;;;;;;;;;;x
PROV1719;;;;;;;;;;x
PROV1720;;;;;;;;;;x
PROV1721;;;;;;;;;;x
PROV1722;;;;;;;;;;x
PROV1723;;;;;;;;;;x
PROV1724;;;;;;;;;;x
PROV1725;;;;;;;;;;x
PROV1726;;;;;;;;;;x
PROV1727;;;;;;;;;;x
PROV1728;;;;;;;;;;x
PROV1729;;;;;;;;;;x
PROV1730;;;;;;;;;;x
PROV1731;;;;;;;;;;x
PROV1732;;;;;;;;;;x
PROV1733;;;;;;;;;;x
PROV1734;;;;;;;;;;x
PROV1735;;;;;;;;;;x
PROV1736;;;;;;;;;;x
PROV1737;;;;;;;;;;x
PROV1738;;;;;;;;;;x
PROV1739;;;;;;;;;;x
PROV1740;;;;;;;;;;x
PROV1741;;;;;;;;;;x
PROV1742;;;;;;;;;;x
PROV1743;;;;;;;;;;x
PROV1744;;;;;;;;;;x
PROV1745;;;;;;;;;;x
PROV1746;;;;;;;;;;x
PROV1747;;;;;;;;;;x
PROV1748;;;;;;;;;;x
PROV1749;;;;;;;;;;x
PROV1750;;;;;;;;;;x
PROV1751;;;;;;;;;;x
PROV1752;;;;;;;;;;x
PROV1753;;;;;;;;;;x
PROV1754;;;;;;;;;;x
PROV1755;;;;;;;;;;x
PROV1756;;;;;;;;;;x
PROV1757;;;;;;;;;;x
PROV1758;;;;;;;;;;x
PROV1759;;;;;;;;;;x
PROV1760;;;;;;;;;;x
PROV1761;;;;;;;;;;x
PROV1762;;;;;;;;;;x
PROV1763;;;;;;;;;;x
PROV1764;;;;;;;;;;x
PROV1765;;;;;;;;;;x
PROV1766;;;;;;;;;;x
PROV1767;;;;;;;;;;x
PROV1768;;;;;;;;;;x
PROV1769;;;;;;;;;;x
PROV1770;;;;;;;;;;x
PROV1771;;;;;;;;;;x
PROV1772;;;;;;;;;;x
PROV1773;;;;;;;;;;x
PROV1774;;;;;;;;;;x
PROV1775;;;;;;;;;;x
PROV1776;;;;;;;;;;x
PROV1777;;;;;;;;;;x
PROV1778;;;;;;;;;;x
PROV1779;;;;;;;;;;x
PROV1780;;;;;;;;;;x
PROV1781;;;;;;;;;;x
PROV1782;;;;;;;;;;x
PROV1783;;;;;;;;;;x
PROV1784;;;;;;;;;;x
PROV1785;;;;;;;;;;x
PROV1786;;;;;;;;;;x
PROV1787;;;;;;;;;;x
PROV1788;;;;;;;;;;x
PROV1789;;;;;;;;;;x
PROV1790;;;;;;;;;;x
PROV1791;;;;;;;;;;x
PROV1792;;;;;;;;;;x
PROV1793;;;;;;;;;;x
PROV1794;;;;;;;;;;x
PROV1795;;;;;;;;;;x
PROV1796;;;;;;;;;;x
PROV1797;;;;;;;;;;x
PROV1798;;;;;;;;;;x
PROV1799;;;;;;;;;;x
PROV1800;;;;;;;;;;x
PROV1801;;;;;;;;;;x
PROV1802;;;;;;;;;;x
PROV1803;;;;;;;;;;x
PROV1804;;;;;;;;;;x
PROV1805;;;;;;;;;;x
PROV1806;;;;;;;;;;x
PROV1807;;;;;;;;;;x
PROV1808;;;;;;;;;;x
PROV1809;;;;;;;;;;x
PROV1810;;;;;;;;;;x
PROV1811;;;;;;;;;;x
PROV1812;;;;;;;;;;x
PROV1813;;;;;;;;;;x
PROV1814;;;;;;;;;;x
PROV1815;;;;;;;;;;x
PROV1816;;;;;;;;;;x
PROV1817;;;;;;;;;;x
PROV1818;;;;;;;;;;x
PROV1819;;;;;;;;;;x
PROV1820;;;;;;;;;;x
PROV1821;;;;;;;;;;x
PROV1822;;;;;;;;;;x
PROV1823;;;;;;;;;;x
PROV1824;;;;;;;;;;x
PROV1825;;;;;;;;;;x
PROV1826;;;;;;;;;;x
PROV1827;;;;;;;;;;x
PROV1828;;;;;;;;;;x
PROV1829;;;;;;;;;;x
PROV1830;;;;;;;;;;x
PROV1831;;;;;;;;;;x
PROV1832;;;;;;;;;;x
PROV1833;;;;;;;;;;x
PROV1834;;;;;;;;;;x
PROV1835;;;;;;;;;;x
PROV1836;;;;;;;;;;x
PROV1837;;;;;;;;;;x
PROV1838;;;;;;;;;;x
PROV1839;;;;;;;;;;x
PROV1840;;;;;;;;;;x
PROV1841;;;;;;;;;;x
PROV1842;;;;;;;;;;x
PROV1843;;;;;;;;;;x
PROV1844;;;;;;;;;;x
PROV1845;;;;;;;;;;x
PROV1846;;;;;;;;;;x
PROV1847;;;;;;;;;;x
PROV1848;;;;;;;;;;x
PROV1849;;;;;;;;;;x
PROV1850;;;;;;;;;;x
PROV1851;;;;;;;;;;x
PROV1852;;;;;;;;;;x
PROV1853;;;;;;;;;;x
PROV1854;;;;;;;;;;x
PROV1855;;;;;;;;;;x
PROV1856;;;;;;;;;;x
PROV1857;;;;;;;;;;x
PROV1858;;;;;;;;;;x
PROV1859;;;;;;;;;;x
PROV1860;;;;;;;;;;x
PROV1861;;;;;;;;;;x
PROV1862;;;;;;;;;;x
PROV1863;;;;;;;;;;x
PROV1864;;;;;;;;;;x
PROV1865;;;;;;;;;;x
PROV1866;;;;;;;;;;x
PROV1867;;;;;;;;;;x
PROV1868;;;;;;;;;;x
PROV1869;;;;;;;;;;x
PROV1870;;;;;;;;;;x
PROV1871;;;;;;;;;;x
PROV1872;;;;;;;;;;x
PROV1873;;;;;;;;;;x
PROV1874;;;;;;;;;;x
PROV1875;;;;;;;;;;x
PROV1876;;;;;;;;;;x
PROV1877;;;;;;;;;;x
PROV1878;;;;;;;;;;x
PROV1879;;;;;;;;;;x
PROV1880;;;;;;;;;;x
PROV1881;;;;;;;;;;x
PROV1882;;;;;;;;;;x
PROV1883;;;;;;;;;;x
PROV1884;;;;;;;;;;x
PROV1885;;;;;;;;;;x
PROV1886;;;;;;;;;;x
PROV1887;;;;;;;;;;x
PROV1888;;;;;;;;;;x
PROV1889;;;;;;;;;;x
PROV1890;;;;;;;;;;x
PROV1891;;;;;;;;;;x
PROV1892;;;;;;;;;;x
PROV1893;;;;;;;;;;x
PROV1894;;;;;;;;;;x
PROV1895;;;;;;;;;;x
PROV1896;;;;;;;;;;x
PROV1897;;;;;;;;;;x
PROV1898;;;;;;;;;;x
PROV1899;;;;;;;;;;x
PROV1900;;;;;;;;;;x
PROV1901;;;;;;;;;;x
PROV1902;;;;;;;;;;x
PROV1903;;;;;;;;;;x
PROV1904;;;;;;;;;;x
PROV1905;;;;;;;;;;x
PROV1906;;;;;;;;;;x
PROV1907;;;;;;;;;;x
PROV1908;;;;;;;;;;x
PROV1909;;;;;;;;;;x
PROV1910;;;;;;;;;;x
PROV1911;;;;;;;;;;x
PROV1912;;;;;;;;;;x
PROV1913;;;;;;;;;;x
PROV1914;;;;;;;;;;x
PROV1915;;;;;;;;;;x
PROV1916;;;;;;;;;;x
PROV1917;;;;;;;;;;x
PROV1918;;;;;;;;;;x
PROV1919;;;;;;;;;;x
PROV1920;;;;;;;;;;x
PROV1921;;;;;;;;;;x
PROV1922;;;;;;;;;;x
PROV1923;;;;;;;;;;x
PROV1924;;;;;;;;;;x
PROV1925;;;;;;;;;;x
PROV1926;;;;;;;;;;x
PROV1927;;;;;;;;;;x
PROV1928;;;;;;;;;;x
PROV1929;;;;;;;;;;x
PROV1930;;;;;;;;;;x
PROV1931;;;;;;;;;;x
PROV1932;;;;;;;;;;x
PROV1933;;;;;;;;;;x
PROV1934;;;;;;;;;;x
PROV1935;;;;;;;;;;x
PROV1936;;;;;;;;;;x
PROV1937;;;;;;;;;;x
PROV1938;;;;;;;;;;x
PROV1939;;;;;;;;;;x
PROV1940;;;;;;;;;;x
PROV1941;;;;;;;;;;x
PROV1942;;;;;;;;;;x
PROV1943;;;;;;;;;;x
PROV1944;;;;;;;;;;x
PROV1945;;;;;;;;;;x
PROV1946;;;;;;;;;;x
PROV1947;;;;;;;;;;x
PROV1948;;;;;;;;;;x
PROV1949;;;;;;;;;;x
PROV1950;;;;;;;;;;x
PROV1951;;;;;;;;;;x
PROV1952;;;;;;;;;;x
PROV1953;;;;;;;;;;x
PROV1954;;;;;;;;;;x
PROV1955;;;;;;;;;;x
PROV1956;;;;;;;;;;x
PROV1957;;;;;;;;;;x
PROV1958;;;;;;;;;;x
PROV1959;;;;;;;;;;x
PROV1960;;;;;;;;;;x
PROV1961;;;;;;;;;;x
PROV1962;;;;;;;;;;x
PROV1963;;;;;;;;;;x
PROV1964;;;;;;;;;;x
PROV1965;;;;;;;;;;x
PROV1966;;;;;;;;;;x
PROV1967;;;;;;;;;;x
PROV1968;;;;;;;;;;x
PROV1969;;;;;;;;;;x
PROV1970;;;;;;;;;;x
PROV1971;;;;;;;;;;x
PROV1972;;;;;;;;;;x
PROV1973;;;;;;;;;;x
PROV1974;;;;;;;;;;x
PROV1975;;;;;;;;;;x
PROV1976;;;;;;;;;;x
PROV1977;;;;;;;;;;x
PROV1978;;;;;;;;;;x
PROV1979;;;;;;;;;;x
PROV1980;;;;;;;;;;x
PROV1981;;;;;;;;;;x
PROV1982;;;;;;;;;;x
PROV1983;;;;;;;;;;x
PROV1984;;;;;;;;;;x
PROV1985;;;;;;;;;;x
PROV1986;;;;;;;;;;x
PROV1987;;;;;;;;;;x
PROV1988;;;;;;;;;;x
PROV1989;;;;;;;;;;x
PROV1990;;;;;;;;;;x
PROV1991;;;;;;;;;;x
PROV1992;;;;;;;;;;x
PROV1993;;;;;;;;;;x
PROV1994;;;;;;;;;;x
PROV1995;;;;;;;;;;x
PROV1996;;;;;;;;;;x
PROV1997;;;;;;;;;;x
PROV1998;;;;;;;;;;x
PROV1999;;;;;;;;;;x
PROV2000;;;;;;;;;;x
PROV2001;;;;;;;;;;x
PROV2002;;;;;;;;;;x
PROV2003;;;;;;;;;;x
PROV2004;;;;;;;;;;x
PROV2005;;;;;;;;;;x
PROV2006;;;;;;;;;;x
PROV2007;;;;;;;;;;x
PROV2008;;;;;;;;;;x
PROV2009;;;;;;;;;;x
PROV2010;;;;;;;;;;x
PROV2011;;;;;;;;;;x
PROV2012;;;;;;;;;;x
PROV2013;;;;;;;;;;x
PROV2014;;;;;;;;;;x
PROV2015;;;;;;;;;;x
PROV2016;;;;;;;;;;x
PROV2017;;;;;;;;;;x
PROV2018;;;;;;;;;;x
PROV2019;;;;;;;;;;x
PROV2020;;;;;;;;;;x
PROV2021;;;;;;;;;;x
PROV2022;;;;;;;;;;x
PROV2023;;;;;;;;;;x
PROV2024;;;;;;;;;;x
PROV2025;;;;;;;;;;x
PROV2026;;;;;;;;;;x
PROV2027;;;;;;;;;;x
PROV2028;;;;;;;;;;x
PROV2029;;;;;;;;;;x
PROV2030;;;;;;;;;;x
PROV2031;;;;;;;;;;x
PROV2032;;;;;;;;;;x
PROV2033;;;;;;;;;;x
PROV2034;;;;;;;;;;x
PROV2035;;;;;;;;;;x
PROV2036;;;;;;;;;;x
PROV2037;;;;;;;;;;x
PROV2038;;;;;;;;;;x
PROV2039;;;;;;;;;;x
PROV2040;;;;;;;;;;x
PROV2041;;;;;;;;;;x
PROV2042;;;;;;;;;;x
PROV2043;;;;;;;;;;x
PROV2044;;;;;;;;;;x
PROV2045;;;;;;;;;;x
PROV2046;;;;;;;;;;x
PROV2047;;;;;;;;;;x
PROV2048;;;;;;;;;;x
PROV2049;;;;;;;;;;x
PROV2050;;;;;;;;;;x
PROV2051;;;;;;;;;;x
PROV2052;;;;;;;;;;x
PROV2053;;;;;;;;;;x
PROV2054;;;;;;;;;;x
PROV2055;;;;;;;;;;x
PROV2056;;;;;;;;;;x
PROV2057;;;;;;;;;;x
PROV2058;;;;;;;;;;x
PROV2059;;;;;;;;;;x
PROV2060;;;;;;;;;;x
PROV2061;;;;;;;;;;x
PROV2062;;;;;;;;;;x
PROV2063;;;;;;;;;;x
PROV2064;;;;;;;;;;x
PROV2065;;;;;;;;;;x
PROV2066;;;;;;;;;;x
PROV2067;;;;;;;;;;x
PROV2068;;;;;;;;;;x
PROV2069;;;;;;;;;;x
PROV2070;;;;;;;;;;x
PROV2071;;;;;;;;;;x
PROV2072;;;;;;;;;;x
PROV2073;;;;;;;;;;x
PROV2074;;;;;;;;;;x
PROV2075;;;;;;;;;;x
PROV2076;;;;;;;;;;x
PROV2077;;;;;;;;;;x
PROV2078;;;;;;;;;;x
PROV2079;;;;;;;;;;x
PROV2080;;;;;;;;;;x
PROV2081;;;;;;;;;;x
PROV2082;;;;;;;;;;x
PROV2083;;;;;;;;;;x
PROV2084;;;;;;;;;;x
PROV2085;;;;;;;;;;x
PROV2086;;;;;;;;;;x
PROV2087;;;;;;;;;;x
PROV2088;;;;;;;;;;x
PROV2089;;;;;;;;;;x
PROV2090;;;;;;;;;;x
PROV2091;;;;;;;;;;x
PROV2092;;;;;;;;;;x
PROV2093;;;;;;;;;;x
PROV2094;;;;;;;;;;x
PROV2095;;;;;;;;;;x
PROV2096;;;;;;;;;;x
PROV2097;;;;;;;;;;x
PROV2098;;;;;;;;;;x
PROV2099;;;;;;;;;;x
PROV2100;;;;;;;;;;x
PROV2101;;;;;;;;;;x
PROV2102;;;;;;;;;;x
PROV2103;;;;;;;;;;x
PROV2104;;;;;;;;;;x
PROV2105;;;;;;;;;;x
PROV2106;;;;;;;;;;x
PROV2107;;;;;;;;;;x
PROV2108;;;;;;;;;;x
PROV2109;;;;;;;;;;x
PROV2110;;;;;;;;;;x
PROV2111;;;;;;;;;;x
PROV2112;;;;;;;;;;x
PROV2113;;;;;;;;;;x
PROV2114;;;;;;;;;;x
PROV2115;;;;;;;;;;x
PROV2116;;;;;;;;;;x
PROV2117;;;;;;;;;;x
PROV2118;;;;;;;;;;x
PROV2119;;;;;;;;;;x
PROV2120;;;;;;;;;;x
PROV2121;;;;;;;;;;x
PROV2122;;;;;;;;;;x
PROV2123;;;;;;;;;;x
PROV2124;;;;;;;;;;x
PROV2125;;;;;;;;;;x
PROV2126;;;;;;;;;;x
PROV2127;;;;;;;;;;x
PROV2128;;;;;;;;;;x
PROV2129;;;;;;;;;;x
PROV2130;;;;;;;;;;x
PROV2131;;;;;;;;;;x
PROV2132;;;;;;;;;;x
PROV2133;;;;;;;;;;x
PROV2134;;;;;;;;;;x
PROV2135;;;;;;;;;;x
PROV2136;;;;;;;;;;x
PROV2137;;;;;;;;;;x
PROV2138;;;;;;;;;;x
PROV2139;;;;;;;;;;x
PROV2140;;;;;;;;;;x
PROV2141;;;;;;;;;;x
PROV2142;;;;;;;;;;x
PROV2143;;;;;;;;;;x
PROV2144;;;;;;;;;;x
PROV2145;;;;;;;;;;x
PROV2146;;;;;;;;;;x
PROV2147;;;;;;;;;;x
PROV2148;;;;;;;;;;x
PROV2149;;;;;;;;;;x
PROV2150;;;;;;;;;;x
PROV2151;;;;;;;;;;x
PROV2152;;;;;;;;;;x
PROV2153;;;;;;;;;;x
PROV2154;;;;;;;;;;x
PROV2155;;;;;;;;;;x
PROV2156;;;;;;;;;;x
PROV2157;;;;;;;;;;x
PROV2158;;;;;;;;;;x
PROV2159;;;;;;;;;;x
PROV2160;;;;;;;;;;x
PROV2161;;;;;;;;;;x
PROV2162;;;;;;;;;;x
PROV2163;;;;;;;;;;x
PROV2164;;;;;;;;;;x
PROV2165;;;;;;;;;;x
PROV2166;;;;;;;;;;x
PROV2167;;;;;;;;;;x
PROV2168;;;;;;;;;;x
PROV2169;;;;;;;;;;x
PROV2170;;;;;;;;;;x
PROV2171;;;;;;;;;;x
PROV2172;;;;;;;;;;x
PROV2173;;;;;;;;;;x
PROV2174;;;;;;;;;;x
PROV2175;;;;;;;;;;x
PROV2176;;;;;;;;;;x
PROV2177;;;;;;;;;;x
PROV2178;;;;;;;;;;x
PROV2179;;;;;;;;;;x
PROV2180;;;;;;;;;;x
PROV2181;;;;;;;;;;x
PROV2182;;;;;;;;;;x
PROV2183;;;;;;;;;;x
PROV2184;;;;;;;;;;x
PROV2185;;;;;;;;;;x
PROV2186;;;;;;;;;;x
PROV2187;;;;;;;;;;x
PROV2188;;;;;;;;;;x
PROV2189;;;;;;;;;;x
PROV2190;;;;;;;;;;x
PROV2191;;;;;;;;;;x
PROV2192;;;;;;;;;;x
PROV2193;;;;;;;;;;x
PROV2194;;;;;;;;;;x
PROV2195;;;;;;;;;;x
PROV2196;;;;;;;;;;x
PROV2197;;;;;;;;;;x
PROV2198;;;;;;;;;;x
PROV2199;;;;;;;;;;x
PROV2200;;;;;;;;;;x
PROV2201;;;;;;;;;;x
PROV2202;;;;;;;;;;x
PROV2203;;;;;;;;;;x
PROV2204;;;;;;;;;;x
PROV2205;;;;;;;;;;x
PROV2206;;;;;;;;;;x
PROV2207;;;;;;;;;;x
PROV2208;;;;;;;;;;x
PROV2209;;;;;;;;;;x
PROV2210;;;;;;;;;;x
PROV2211;;;;;;;;;;x
PROV2212;;;;;;;;;;x
PROV2213;;;;;;;;;;x
PROV2214;;;;;;;;;;x
PROV2215;;;;;;;;;;x
PROV2216;;;;;;;;;;x
PROV2217;;;;;;;;;;x
PROV2218;;;;;;;;;;x
PROV2219;;;;;;;;;;x
PROV2220;;;;;;;;;;x
PROV2221;;;;;;;;;;x
PROV2222;;;;;;;;;;x
PROV2223;;;;;;;;;;x
PROV2224;;;;;;;;;;x
PROV2225;;;;;;;;;;x
PROV2226;;;;;;;;;;x
PROV2227;;;;;;;;;;x
PROV2228;;;;;;;;;;x
PROV2229;;;;;;;;;;x
PROV2230;;;;;;;;;;x
PROV2231;;;;;;;;;;x
PROV2232;;;;;;;;;;x
PROV2233;;;;;;;;;;x
PROV2234;;;;;;;;;;x
PROV2235;;;;;;;;;;x
PROV2236;;;;;;;;;;x
PROV2237;;;;;;;;;;x
PROV2238;;;;;;;;;;x
PROV2239;;;;;;;;;;x
PROV2240;;;;;;;;;;x
PROV2241;;;;;;;;;;x
PROV2242;;;;;;;;;;x
PROV2243;;;;;;;;;;x
PROV2244;;;;;;;;;;x
