province;red;green;blue;x;x
1;160;74;74;Maryland;x
2;128;47;47;Sinoe;x
3;167;93;93;River Cess;x
4;142;52;52;Grand Cape;x
5;165;46;46;Grand Bassa;x
6;121;52;52;Monrovia;x
7;169;80;80;Nimba;x
8;209;104;104;Gedeh;x
9;142;50;50;Gee;x
10;162;59;59;Bong;x
11;111;38;38;Macenta;x
12;143;82;82;Gbarpolu;x
13;255;0;0;Lofa;x
14;169;24;24;Bonthe;x
15;102;33;33;Pujehun;x
16;157;71;71;Bo;x
17;116;51;51;Kenema;x
18;82;34;34;Kono;x
19;129;155;83;Loko;x
20;83;109;37;Bombali;x
21;107;131;65;Koinadugu;x
22;155;185;101;Freetown;x
23;122;148;79;Forecariah;x
24;77;103;33;Mamou;x
25;84;99;57;Dubreka;x
26;93;117;51;Kindia;x
27;119;140;54;Boke;x
28;60;133;11;Danane;x
29;81;95;38;Boffa;x
30;121;146;46;Telimele;x
31;82;98;35;Gaoual;x
32;129;148;69;Labe;x
33;104;129;61;Koundara;x
34;152;170;95;Pita;x
35;54;109;85;Siguiri;x
36;23;101;67;Mandiana;x
37;5;56;34;Dinguiraye;x
38;38;143;97;Kouroussa;x
39;53;106;82;Tougue;x
40;27;103;70;Mali;x
41;62;180;128;Dabola;x
42;31;140;91;Faranah;x
43;62;173;125;Guekedou;x
44;56;147;107;Banfele;x
45;33;90;65;Nzerekore;x
46;22;164;101;Kankan;x
47;38;147;98;Kerouane;x
48;48;118;87;Beyla;x
49;133;107;38;Oio;x
50;115;90;26;Bolama;x
51;104;92;36;Bissau;x
52;152;145;37;Quinara;x
53;166;139;66;Bafata;x
54;131;131;84;Kolda;x
55;125;119;29;Sedhiou;x
56;103;103;15;Gambia;x
57;114;121;43;Ziguinchor;x
58;107;107;47;Kedougou;x
59;70;70;17;Bakel;x
60;97;97;15;Wassadougou;x
61;81;81;21;Thies;x
62;124;124;32;Foundiougne;x
63;222;101;103;Ahafo Ano;x
64;122;122;28;Kaffrine;x
65;112;112;41;Kaolack;x
66;89;85;32;Janjanbureh;x
67;144;139;45;Diourbel;x
68;107;107;44;Louga;x
69;68;68;19;Saint-Louis;x
70;94;94;50;Linguere;x
71;102;102;42;Podor;x
72;135;135;43;Kanel;x
73;117;117;43;Ranerou Ferlo;x
74;113;113;46;Tambacounda;x
75;160;153;47;Matam;x
76;138;119;60;Kita;x
77;173;143;52;Kayes;x
78;108;91;38;Bafoulabe;x
79;161;137;62;Kenieba;x
80;124;106;46;Nara;x
81;131;105;21;Kolokani;x
82;183;162;96;Dioila;x
83;111;94;42;Bamako;x
84;191;167;88;Bougouni;x
85;146;128;72;Yanfolila;x
86;151;136;87;Baroueli;x
87;152;130;61;Koutiala;x
88;143;129;84;Sikasso;x
89;143;124;63;Segou;x
90;91;75;25;Macina;x
91;124;105;48;San;x
92;176;135;79;Timbuktu;x
93;133;98;50;Bandiagara;x
94;157;107;39;Koro;x
95;157;118;64;Gourma Rharous;x
96;160;112;48;Garou;x
97;176;117;37;West Gao;x
98;112;165;19;Soubre;x
99;98;150;4;San-Pedro;x
100;125;180;26;Sassandra;x
101;88;119;29;Loh-Djiboua;x
102;91;141;0;Abidjan;x
103;113;139;60;Agboville;x
104;99;135;29;Aboisso;x
105;114;157;35;MBahiakro;x
106;89;128;15;Indenie-Djuablin;x
107;103;124;41;NZi;x
108;108;136;39;Hambol;x
109;114;151;25;Ferkessedougou;x
110;123;141;69;Korhogo;x
111;102;157;3;Gagnoa;x
112;88;127;17;Haut-Sassandra;x
113;70;95;26;Bouake;x
114;127;169;25;Bafing;x
115;108;142;49;Cavally;x
116;128;171;22;Boundiali;x
117;106;136;34;Denguele;x
118;66;84;24;Worodougou;x
119;151;124;39;Cape Coast;x
120;194;160;52;Sunyani;x
121;122;105;51;Nzema;x
122;220;190;96;Kojina;x
123;167;141;57;Kumasi;x
124;185;151;45;Wawa;x
125;122;104;45;Afram Plains;x
126;131;107;29;Ho;x
127;143;128;80;Accra;x
128;111;91;27;Kintampo;x
129;160;135;55;Tanda;x
130;198;173;91;Bouna;x
131;214;178;59;Mpaha;x
132;169;147;76;Tamale;x
133;149;126;51;Oti;x
134;146;116;25;Yendi;x
135;169;141;51;Mamprusi;x
136;197;173;94;Bolgatanga;x
137;138;122;71;Kpendjal;x
138;237;189;40;Comoe;x
139;207;186;116;Ouagadougou;x
140;255;201;0;Poni;x
141;169;145;72;Banwa;x
142;131;113;54;Mouhoun;x
143;205;171;65;Sourou;x
144;175;113;87;Sanmatenga;x
145;117;78;61;Oudalan;x
146;156;80;48;Komandjari;x
147;130;93;77;Yatenga;x
148;162;94;64;Gnagna;x
149;197;117;83;Tapoa;x
150;176;118;94;Gourma;x
151;62;27;189;Lubutu;x
152;103;245;120;Ubundu;x
153;233;94;216;Opala;x
154;119;138;75;Ikela;x
155;136;152;38;Boende;x
156;133;235;141;Bokungu;x
157;135;62;62;Tonkolili;x
158;0;53;148;Santiago;x
159;15;50;112;Fogo;x
160;31;65;127;Boavista e Sal;x
161;43;69;115;Sao Vicente;x
162;56;97;169;Santo Antao;x
163;38;117;74;Rosso;x
164;41;163;82;Rkiz;x
165;31;128;153;Nouakchott;x
166;97;158;135;Boutilimit;x
167;43;128;115;Inchiri;x
168;26;156;77;Arguin;x
169;61;112;61;Nouadhibou;x
170;102;122;99;Brakna;x
171;125;138;84;Gorgol;x
172;64;115;89;Guidimaka;x
173;41;125;92;Aftout;x
174;48;153;61;Kiffa;x
175;26;128;51;Tintane;x
176;66;107;117;Aioun;x
177;51;110;94;Timbedra;x
178;79;150;74;Nema;x
179;41;71;59;Tagant;x
180;36;77;92;Maghta-Lahjar;x
181;87;166;117;Atar;x
182;56;148;105;Chinguetti;x
183;28;125;59;Tiris Zemmour;x
184;48;99;82;Oued Ed-Dahab;x
185;18;74;43;Oualata;x
186;191;130;46;Kidal;x
187;156;112;51;Tessalit;x
188;102;61;8;Bordj Badji Mokhtar;x
189;173;128;66;Hoggar;x
190;181;112;15;Tanezrouft;x
191;210;222;34;Chinde;x
192;160;232;25;Quelimane;x
193;55;243;168;Rukungiri;x
194;233;201;46;Mbarara;x
195;231;192;136;Kabarole;x
196;223;92;70;Kyenjojo;x
197;246;35;118;Masindi;x
198;128;188;246;Nile;x
199;175;215;146;Amuru;x
200;129;116;245;Grande Comore;x
201;197;148;124;Mayotte;x
202;222;173;132;Reunion;x
203;224;68;184;Mauritius;x
204;148;11;88;Rodrigues;x
205;223;24;203;Sava;x
206;222;21;155;Ambilobe;x
207;211;87;121;Antisiranana;x
208;73;214;211;Itasy;x
209;150;100;35;Alaotra-Mangoro;x
210;79;86;102;Maroantsetra;x
211;191;110;222;Soanierana-Ivongo;x
212;134;135;202;Toamasina;x
213;206;3;175;Toliara;x
214;177;22;254;Morombe;x
215;155;134;216;Faux Cap;x
216;115;95;205;Betioky-Atsimo;x
217;250;135;100;Taolagnaro;x
218;108;45;56;Ihorombe;x
219;134;7;91;Atsimo-Atsinanana;x
220;184;2;238;Fianarantsoa;x
221;163;41;106;Vatovavy-Fitovinany;x
222;166;58;176;Amoron'i Mania;x
223;230;124;190;Vakinankaratra;x
224;46;194;141;Bongolava;x
225;217;216;222;Analamanga;x
226;51;224;52;Betsiboka;x
227;173;225;196;Maintirano;x
228;46;169;155;Besalampy;x
229;199;145;63;Mitsinjo;x
230;50;86;75;Marovoay;x
231;168;233;180;Mandritsara;x
232;108;53;74;Bealanana;x
233;148;160;84;Analalava;x
234;138;69;187;Boriziny;x
235;194;228;95;Vatomandry;x
236;241;133;183;Belon'i Tsiribihina;x
237;210;90;207;Morondava;x
238;241;158;109;Pemba;x
239;147;105;72;Zanzibar;x
240;154;91;236;Mafia;x
241;1;162;75;Tanga;x
242;119;194;15;Dar es Salaam;x
243;248;188;188;Rufiji;x
244;253;131;19;Bagamoyo;x
245;226;238;95;Kilwa;x
246;126;136;131;Mtwara;x
247;96;4;108;Lindi;x
248;81;213;77;Morogoro;x
249;211;111;213;Kilimanjaro;x
250;66;207;141;Liwale;x
251;252;127;82;Tunduru;x
252;8;181;218;Songea;x
253;4;162;254;Nyasa;x
254;253;170;78;Mahenge;x
255;139;95;70;Kilombero;x
256;220;184;154;Kilosa;x
257;125;97;137;Iringa;x
258;74;138;20;Mufundi;x
259;29;146;125;Dodoma;x
260;222;195;3;Chemba;x
261;146;203;2;Handeni;x
262;141;9;154;Kiteto;x
263;179;202;211;Babati;x
264;53;223;169;Arusha;x
265;216;62;5;Lukwati;x
266;19;199;47;Mbeya;x
267;197;123;66;Mbarali;x
268;235;29;196;Njombe;x
269;84;224;93;Sumbawanga;x
270;34;162;8;Nkasi;x
271;73;190;133;Mlele;x
272;108;203;229;Mpanda;x
273;123;126;161;Kigoma;x
274;68;119;230;Manyoni;x
275;9;252;50;Singida;x
276;184;174;205;Serengeti;x
277;179;78;11;Musoma;x
278;169;160;228;Ngorongoro;x
279;231;103;149;Bukoba;x
280;88;3;244;Biharamulo;x
281;228;159;104;Mwanza;x
282;78;190;158;Kasulu;x
283;19;53;108;Kibondo;x
284;228;165;51;Sikonge;x
285;137;161;232;Shinyanga;x
286;202;192;130;Kaliua;x
287;206;3;24;Nzega;x
288;250;143;204;Geita;x
289;130;150;74;Bukombe;x
290;243;240;107;Bariadi;x
291;143;194;156;Maswa;x
292;141;71;139;Tabora;x
293;138;134;29;Uyui;x
294;152;113;214;Kilolo;x
295;111;104;199;Songwe;x
296;92;230;238;Mwanga;x
297;133;136;141;Mkuranga;x
298;168;33;38;Mwapwa;x
299;147;233;129;Kigali;x
300;147;105;155;Ngoma;x
301;159;93;229;Bujumbura;x
302;6;173;221;Mutumba;x
303;121;49;118;Buyengero;x
304;62;240;163;Kibuye;x
305;50;100;174;Mandera;x
306;241;159;126;Wajir;x
307;34;188;34;Garissa;x
308;250;50;36;Lamu;x
309;203;49;118;Kwale;x
310;219;149;122;Kilifi;x
311;230;107;187;Tana;x
312;36;148;137;Taita-Taveta;x
313;8;138;161;Kitui;x
314;221;139;107;Narok;x
315;23;160;205;Kajiado;x
316;31;214;31;Ilemi;x
317;199;111;14;Turkana;x
318;255;56;251;Marsabit;x
319;154;12;139;Samburu;x
320;16;130;10;Isiolo;x
321;228;89;160;Makueni;x
322;16;182;3;Kisumu;x
323;192;16;203;Homabay;x
324;231;181;128;Kericho;x
325;173;79;18;Laikipia;x
326;206;34;43;Bungoma;x
327;198;166;199;Uasin Gishu;x
328;220;91;212;Baringo;x
329;90;31;55;Trans-Nzoia;x
330;235;132;69;West Pokot;x
331;230;157;4;Meru;x
332;134;61;160;Nairobi;x
333;85;157;43;Machakos;x
334;120;14;65;Nakuru;x
335;108;107;215;Embu;x
336;150;253;73;Nyeri;x
337;133;7;55;Busoga;x
338;217;131;23;Masaka;x
339;181;66;116;Bombo;x
340;242;37;222;Kampala;x
341;157;107;195;Mubende;x
342;81;192;217;Mbale;x
343;155;11;8;Teso;x
344;111;245;250;Morota;x
345;112;209;242;Kotido;x
346;212;205;207;Lango;x
347;114;151;9;Acholi;x
348;209;241;84;Nki-Bek;x ##Cameroon
349;218;164;37;Batouri;x  
350;252;255;117;Logone-et-Chari;x 
351;253;242;175;Betroka;x
352;239;219;165;Tsanaga;x
353;239;229;115;Diamare;x
354;253;255;193;Kani;x
355;255;225;150;Danay;x
356;189;10;255;Louti;x
357;255;204;253;Benoue;x
358;168;107;255;Faro;x
359;197;170;255;Mayo-Rey;x
360;29;0;255;Vina;x
361;170;186;255;Faro-et-Deo;x
362;115;132;206;Mayo-Banyo;x
363;109;138;255;Djerem;x
364;81;130;255;Mbere;x
365;255;236;30;Lom-et-Djerem;x
366;255;255;71;Haut-Nyong;x
367;255;241;117;Boumba-et-Ngoko;x
368;137;255;147;Dja-et-Lobo;x
369;54;188;132;Vallee-du-Ntem;x
370;95;206;160;Ocean;x
371;196;170;39;Mbam-et-Kim;x
372;255;165;0;Haute-Sanaga;x
373;255;215;124;Inoubou;x
374;242;209;48;Yokadouma;x
375;255;212;145;Yaounde;x
376;255;195;0;Nyong-et-Soo;x
377;255;136;0;Nyong-et-Mfoumou;x
378;255;231;17;Nyong-et-Kelle;x
379;193;88;13;Sanaga-Maritime;x
380;186;194;162;Seychelles;x
381;229;134;66;Moungo;x
382;158;92;45;Douala;x
383;121;115;239;Mvila;x
384;174;140;18;Ivohibe;x
385;215;242;188;Mifi;x
386;148;209;152;Bafoussam;x
387;234;1;225;Manakara;x
388;0;193;32;Massangam;x
389;137;137;136;Kumbo;x
390;137;126;126;Bamenda;x
391;218;80;86;Sambava;x
392;247;208;79;Pangar;x
393;144;204;209;Manyu;x
394;;;;;x
395;188;188;186;Bertoua;x
396;96;78;181;Mahabo;x
397;122;139;22;Diema;x
398;215;122;255;Koupe-Manengouba;x
399;255;45;171;Makari;x
400;146;48;48;Etula;x
401;101;42;42;Sao Tome e Principe;x
402;212;72;72;Muni-Litoral;x
403;164;111;111;Centro Sur;x
404;117;61;61;Ntem;x
405;118;99;99;Wele-Nzas;x
406;117;72;61;Woleu;x
407;124;49;13;Haut-Ntem;x
408;121;96;85;Okano;x
409;77;20;9;Komo;x
410;93;20;6;Noya;x
411;120;55;43;Libreville;x
412;154;33;5;Bendje;x
413;139;65;48;Etimboue;x
414;172;56;7;Ndougou;x
415;180;34;6;Mougoutsi;x
416;195;121;107;Banio;x
417;151;45;24;Douya-Onoye;x
418;148;64;14;Louetsi;x
419;162;71;53;Ogoulou;x
420;126;50;36;Tsamba-Magotsi;x
421;96;19;19;Ogooue et des Lacs;x
422;134;45;45;Abanga-Bigne;x
423;173;69;69;Lope;x
424;45;190;185;Ambatofinandrahana;x
425;151;121;117;Ivindo;x
426;233;71;52;Zadie;x
427;159;50;36;Sebe-Brikolo;x
428;230;126;169;Ankazobe;x
429;101;60;60;Djoue;x
430;143;60;60;Mpassa;x
431;248;156;74;Madirovalo;x
432;159;55;27;Mouloundou;x
433;115;26;2;Bouenguidi;x
434;98;39;39;Offoue-Onoye;x
435;73;114;73;Kouilou;x ##Congo
436;40;151;40;Pointe-Noire;x
437;19;84;19;Dolisie-Loubomo;x
438;105;133;105;Mossendjo;x
439;49;156;21;Nkayi;x
440;209;211;233;Lalaua;x
441;48;112;50;Mouyondzi;x
442;20;196;97;Sibiti;x
443;59;87;71;Komono;x
444;55;146;23;Zanaga;x
445;118;186;95;Bambama;x
446;88;114;79;Kinkala;x
447;90;196;5;Kindamba;x
448;107;157;67;Mayama;x
449;93;168;89;Brazzaville;x
450;20;148;14;Ngabe;x
451;69;199;63;Lefini;x
452;252;58;58;Nelspruit;x
453;14;113;39;Abala;x
454;85;105;79;Gamboma;x
455;63;180;64;Okoyo;x
456;133;171;100;Owando;x
457;110;137;23;Makoua;x
458;25;135;47;Liranga;x
459;62;215;59;Ewo;x
460;252;34;34;Nkomazi;x
461;109;199;51;Ouesso;x
462;33;145;31;Impfondo;x
463;124;212;61;Chaillu;x
464;102;82;111;Tenenkou;x
465;59;151;77;Pikounda;x
466;38;79;48;Djambala;x
467;141;77;192;Sangha-Mbaere;x
468;143;80;148;Berberati;x
469;83;44;118;Carnot;x
470;157;135;191;Baboua;x
471;117;56;128;Bouar;x
472;152;16;163;Bozoum;x
473;128;2;178;Bocaranga;x
474;180;93;214;Paoua;x
475;141;94;161;Markounda;x
476;104;94;161;Bossangoa;x
477;57;14;109;Bouca;x
478;121;0;255;Batangafo;x
479;112;38;129;Nana-Grebizi;x
480;97;74;102;Kemo;x
481;213;193;217;Bangui;x
482;91;56;180;Yaloke-Bossembele;x
483;75;79;124;Lobaye;x
484;108;83;143;Grimari;x
485;111;60;180;Bambari;x
486;147;49;138;Ippy;x
487;91;51;87;Bamingui-Bangoran;x
488;174;30;161;Saint-Floris;x
489;216;107;207;Vakaga;x
490;156;107;216;Haute-Kotto;x
491;57;36;178;Bangassou;x
492;67;17;88;Gambo-Ouango;x
493;99;70;110;Mobaye;x
494;86;70;110;Alindao;x
495;115;72;182;Rafai;x
496;72;55;164;Haut-Mbomou;x
497;244;133;8;La Nya;x ##Tchad
498;214;168;69;Monts de Lam;x
499;200;107;44;Dodje;x
500;190;144;92;Ngourkosso;x
501;243;201;55;Lere-Trene;x
502;193;80;4;Mayo-Boneye;x
503;174;115;29;Mayo-Lemie;x
504;169;142;26;Tandjile;x
505;251;54;8;Loug Chari;x
506;237;203;103;Baguirmi;x
507;209;195;73;NDjamena;x
508;193;54;22;Dababa;x
509;226;131;24;Haraze Al Biar;x
510;207;153;15;Wayi;x
511;207;108;10;Mamdi;x
512;157;85;4;Zakouma;x
513;188;161;19;Barh Signaka;x
514;157;99;34;Abtouyour;x
515;227;216;53;Guera;x
516;227;156;53;Iro;x
517;188;168;98;Barh Koh;x
518;205;121;65;Grande Sido;x
519;188;110;23;Mandoul;x
520;201;193;92;Barh Sara;x
521;225;94;17;Aboudeia;x
522;247;246;58;Barh Azoum;x
523;194;158;30;Haraze-Mangueigne;x
524;235;185;8;Kimiti;x
525;238;149;35;Djourf Al Ahmar;x
526;222;158;21;Assoungha;x
527;240;66;26;Ouara;x
528;240;213;26;Dar Tama;x
529;235;99;6;Kobe;x
530;223;169;31;Wadi Fira;x
531;233;192;22;Batha-Est;x
532;231;152;22;Fitri;x
533;244;124;18;Batha-Ouest;x
534;247;217;61;Barh El Gazel;x
535;23;90;244;Lake Tchad;x
536;243;217;80;Kanem;x
537;181;42;17;Ennedi;x
538;234;66;35;Borkou;x
539;176;65;15;Tibesti;x
540;182;118;118;Tera;x ##Niger
541;147;112;98;Tillaberi;x
542;135;78;78;Filingue;x
543;194;168;157;Niamey;x
544;144;128;115;Say;x
545;129;95;80;Gaya;x
546;201;144;120;Dogondoutchi;x
547;233;143;105;Bkonni;x
548;159;101;77;Tahoua;x
549;243;188;165;Madaoua;x
550;156;143;130;Abalak;x
551;192;139;99;Tchintabaraden;x
552;206;163;130;Groumdji;x
553;226;202;143;Dakoro;x
554;255;186;240;Tazrouk;x
555;209;135;78;Tessaoua;x
556;203;177;157;Matameye;x
557;225;173;146;Zinder;x
558;178;150;135;Tanout;x
559;198;144;134;Goure;x
560;217;161;131;Maine-Soroa;x
561;186;170;161;Diffa;x
562;181;145;125;NGuigmi;x
563;190;136;124;Agadez;x
564;255;149;133;Arlit;x
565;90;28;16;Kaouar;x
566;167;131;156;Lagos;x
567;164;47;105;Sissili;x
568;181;121;151;Porto Novo;x
569;182;135;25;Lome;x
570;170;157;25;Tongu;x
571;177;87;132;Abomey;x
572;145;86;130;Ketu;x
573;183;161;90;Sokode;x
574;168;127;84;Dankpen;x
575;197;135;181;Dassa;x
576;138;97;127;Shaki;x
577;146;103;145;Iseyin;x
578;156;122;161;Oyo;x
579;146;104;137;Ilorin;x
580;145;116;172;Igboho;x
581;146;92;119;Ikare-Akoko;x
582;147;118;134;Ado-Ekiti;x
583;173;114;145;Ibadan;x
584;175;98;144;Abeokuta;x
585;143;114;145;Ijebu;x
586;172;94;62;Diebougou;x
587;158;108;179;Ondo;x
588;160;97;143;Akure;x
589;161;146;177;Owo;x
590;179;176;122;East Gonja;x
591;254;252;104;Assin;x
592;185;134;32;Amenfi;x
593;172;190;188;Benin;x
594;159;208;150;Ewu;x
595;124;189;151;Ughelli;x
596;100;160;173;Bouafle;x
597;221;162;100;Gonja;x
598;135;180;109;Asaba;x
599;127;214;163;Onitsha;x
600;186;214;163;Kwale;x
601;198;224;102;Yamoussoukro;x
602;119;180;144;Enugu;x
603;121;143;120;Nsukka;x
604;155;183;113;Abakaliki;x
605;187;200;179;Yenagoa;x
606;194;239;146;Adzope;x
607;143;53;36;Kenedougou;x
608;129;173;154;Owerri;x
609;90;110;89;Ugep;x
610;126;120;81;Aba;x
611;83;120;81;Port Harcourt;x
612;181;195;123;Emohua;x
613;100;110;138;Djougou;x
614;148;102;151;Natitingou;x
615;113;109;161;Kandi;x
616;139;110;148;Nikki;x
617;129;135;181;Parakou;x
618;0;155;132;Uyo;x
619;77;108;113;Calabar;x
620;244;101;69;Koudougou;x
621;125;148;142;Ikom;x
622;111;158;129;Idah;x
623;74;101;167;Potiskum;x
624;135;145;107;Ankpa;x
625;120;194;181;Lokoja;x
626;74;135;116;Kabba;x
627;106;135;126;Okene;x
628;135;113;189;Bussa;x
629;71;101;145;Sokoto;x
630;84;123;176;Argungu;x
631;80;126;147;Birnin Kebbi;x
632;77;162;161;Bunza;x
633;95;132;179;Zuru;x
634;93;145;176;Yana;x
635;39;61;123;Dakingari;x
636;82;151;179;Koko;x
637;148;151;179;Yelwa;x
638;123;120;179;Rijau;x
639;123;151;179;Kontagora;x
640;50;81;120;Mokwa;x
641;227;225;236;Vo;x
642;73;82;145;Kutigi;x
643;117;183;159;Katagum;x
644;216;57;53;Tchaoudjo;x
645;84;161;158;Tegina;x
646;64;125;176;Garki;x
647;241;161;205;Ogou;x
648;59;52;161;Bukkuyum;x
649;203;21;35;Kozah;x
650;111;157;197;Gwadabawa;x
651;186;183;185;Hombori;x
652;106;106;154;Darazo;x
653;117;117;206;Goronyo;x
654;53;94;101;Dutse;x
655;92;167;155;Shinkafi;x
656;92;130;139;Gusau;x
657;176;120;76;Kolondieba;x
658;92;110;155;Kankara;x
659;64;97;126;Katsina;x
660;64;139;179;Anka;x
661;64;104;179;Wasagu;x
662;120;122;145;Birnin Gwari;x
663;213;117;7;Djenne;x
664;61;98;145;Tureta;x
665;225;96;84;Kadiolo;x
666;72;132;145;Kuta;x
667;231;208;198;Koulikoro;x
668;179;197;202;Ping;x
669;85;120;113;Minna;x
670;38;138;148;Kwali;x
671;70;94;139;Fika;x
672;65;118;123;Koton Karfe;x
673;135;164;157;Malanville;x
674;126;88;124;Kaiama;x
675;135;129;157;Busuru;x
676;135;144;120;Segbana;x
677;90;71;151;Banikoara;x
678;106;116;176;Gougougon;x
679;168;106;176;Bembereke;x
680;113;106;142;Perere;x
681;154;135;126;Wa;x
682;144;82;145;Aplahoue;x
683;135;113;183;Ouidah;x
684;230;125;123;Bobo-Dioulasso;x
685;114;28;72;Ganzourgou;x
686;161;100;169;Iwoye;x
687;67;152;173;Ningi;x
688;113;126;205;Bante;x
689;176;124;162;Tchaourou;x
690;179;83;192;Ayete;x
691;107;104;126;Igbeti;x
692;183;106;171;Ogbomosho;x
693;171;127;70;Oubritenga;x
694;161;149;156;Iwo;x
695;174;53;77;Koforidua;x
696;184;123;192;Osogbo;x
697;121;86;139;Owu-Isin;x
698;170;119;167;Share;x
699;51;128;154;Pategi;x
700;184;107;31;Walvis Bay;x
701;204;105;56;Swakopmund;x
702;214;140;102;Brandberg;x
703;232;130;97;Karibib;x
704;230;94;46;Naukluft;x
705;153;87;64;Windhoek;x
706;255;173;82;Rehoboth;x
707;158;106;39;Nossob;x
708;150;112;64;Mariental;x
709;191;128;61;Daweb;x
710;191;145;43;Gibeon;x
711;199;130;66;Luderitz;x
712;163;120;77;Brukkaros;x
713;199;155;67;Keetmanshoop;x
714;168;122;69;Karasburg;x
715;138;94;56;Richtersveld;x
716;148;99;71;Oranjemund;x
717;181;128;64;Omatako;x
718;148;95;28;Waterberg;x
719;158;90;44;Otavi;x
720;247;140;102;Grootfontein;x
721;131;93;65;Guinas;x
722;115;87;52;Ohangwena;x
723;179;160;67;Oshana;x
724;192;99;21;Omuthiyagwiipundi;x
725;154;90;57;Rundu;x
726;255;147;56;Khaudum;x
727;154;111;57;Khorixas;x
728;228;168;90;Epupa;x
729;201;148;80;Omusati;x
730;104;83;57;Kamanjab;x
731;241;133;227;Mopti;x
732;220;165;227;Okitipupa;x
733;217;211;163;Kati;x
734;70;164;201;Abuja;x
735;93;137;154;Nasarawa;x
736;101;135;167;Damatura;x
737;105;164;173;Kagoro;x
738;79;123;173;Kachia;x
739;72;90;157;Kaduna;x
740;76;108;212;Soba;x
741;64;139;181;Tudun Wada;x
742;100;154;208;Funtua;x
743;99;117;183;Zaria;x
744;75;96;164;Sanga;x
745;120;145;208;Jos;x
746;73;145;138;Lafia;x
747;106;179;160;Wamba;x
748;91;154;176;Akwanga;x
749;89;176;164;Doma;x
750;55;161;116;Akamkpa;x
751;109;172;176;Vande Ikya;x
752;72;158;179;Katsina Ala;x
753;65;101;161;Gboko;x
754;76;120;145;Otukpo;x
755;96;130;186;Makurdi;x
756;82;104;132;Wukari;x
757;86;142;139;Takum;x
758;105;142;169;Gembu;x
759;108;179;173;Bali;x
760;89;111;148;Mutum Biyu;x
761;241;104;186;Otjinene;x
762;75;149;195;Jalingo;x
763;226;16;36;Zarmaganda;x
764;79;109;148;Numan;x
765;39;118;167;Yola;x
766;53;106;132;Ganye;x
767;125;173;208;Shendam;x
768;94;86;157;Wase;x
769;135;124;157;Pankshin;x
770;139;157;198;Bogoro;x
771;68;100;113;Alkaleri;x
772;93;148;154;Bauchi;x
773;94;142;208;Gumel;x
774;4;155;99;Maun;x
775;32;58;123;Batsari;x
776;180;164;56;Tessaoua;x
777;221;32;101;Maradi;x
778;44;142;139;Gwarzo;x
779;80;113;164;Kano;x
780;80;113;120;Rano;x
781;132;164;167;Gombe;x
782;64;131;135;Kaltungo;x
783;50;129;106;Dukku;x
784;76;107;126;Girei;x
785;48;96;126;Mubi;x
786;70;139;157;Biu;x
787;57;113;151;Damboa;x
788;80;161;167;Bama;x
789;90;124;126;Maiduguri;x
790;48;123;126;Kukawa;x
791;94;142;136;Nguru;x
792;65;142;179;Gashua;x
793;97;145;167;Oguma;x
794;220;91;43;Keita;x
795;82;154;173;Serti;x
796;177;32;30;Dosso;x
797;145;176;186;Gamboru;x
798;222;214;3;Yambio;x
799;189;55;85;Sabie;x
800;107;29;241;Junqoley-Boma;x
801;141;63;249;Latjoor;x
802;218;233;224;Juba;x
803;142;61;157;Ez Zeraf;x
804;186;76;252;Bor;x
805;150;10;31;Muglad;x
806;250;196;233;Al Buhayrat;x
807;237;221;230;Shimal Bahr al Ghazal;x
808;206;116;133;El Obeid;x
809;253;10;166;Ad Damir;x
810;148;184;180;Warab;x
811;154;183;230;Al Wahda;x
812;173;90;242;Kadugli;x
813;194;65;9;Malakal;x
814;153;94;102;Rabak;x
815;182;109;175;Ad Damazin;x
816;193;12;44;Sennar;x
817;191;106;139;Al Qadarif;x
818;205;11;78;Kassala;x
819;137;102;171;Al Jazirah;x
820;227;50;122;Al Khartoum;x
821;135;169;20;Zambezi;x
822;60;154;39;Ngamiland North;x
823;79;128;201;Ngamiland South;x
824;185;78;54;Chobe;x
825;103;136;145;Selebi-Phikwe;x
826;95;170;74;Orapa;x
827;191;245;29;Tutume;x
828;199;198;111;Serowe;x
829;244;240;68;Francistown;x
830;155;164;218;Ghanzi;x
831;243;155;108;Central Kalahari;x
832;248;148;63;Jwaneng;x
833;241;215;39;Gabarone;x
834;186;213;27;Kgatleng;x
835;175;152;135;Kweneng;x
836;173;194;195;Kgalagadi South;x
837;212;193;215;Kgalagadi North;x
838;39;155;139;Cuango-Luzamba;x
839;147;214;209;Dundo;x
840;115;98;157;Bungo;x
841;230;233;181;Quimbele;x
842;63;228;49;Songo;x
843;145;133;107;Uige;x
844;9;213;9;Ambaca;x
845;81;97;64;Cazengo;x
846;17;89;229;Calandula;x
847;144;127;81;Mucari;x
848;73;150;91;Malanje;x
849;118;208;76;Quirima;x
850;9;254;3;Cacolo;x
851;41;160;9;Saurimo;x
852;222;119;159;Dala;x
853;98;95;225;Kwanhama;x
854;178;43;147;Cuvelai;x
855;51;149;148;Kuroka;x
856;97;174;176;Ombadja;x
857;31;87;208;Andulo;x
858;217;114;85;Cuemba;x
859;76;152;16;Camacupa;x
860;27;104;138;Cuito;x
861;53;210;83;Chitembo;x
862;157;118;45;Luau;x
863;161;177;77;Leua;x
864;184;206;251;Luena;x
865;136;215;6;Luchazes;x
866;43;55;102;Cuito Cuanavale;x
867;177;68;30;Dirico;x
868;107;168;252;Menongue;x
869;245;101;71;Chipindo;x
870;234;147;245;Matala;x
871;24;159;140;Caluquembe;x
872;133;195;85;Bailundo;x
873;194;88;125;Caala;x
874;4;151;52;Huambo;x
875;247;168;22;Bentiaba;x
876;90;118;20;Tombua;x
877;143;225;87;Mocamedes;x
878;37;68;135;Gambos;x
879;111;248;156;Lubango;x
880;139;123;180;Baia Farta;x
881;184;229;29;Chongoroi;x
882;17;218;170;Ganda;x
883;176;255;168;Lobito;x
884;101;65;35;Benguela;x
885;252;82;148;Quibala;x
886;205;198;123;Mussende;x
887;42;95;238;Ebo;x
888;128;187;121;Amboim;x
889;111;224;45;Sumbe;x
890;114;181;53;Quicama;x
891;111;86;90;Ambriz;x
892;220;126;107;Nzeto;x
893;179;67;159;Mbanza-Kongo;x
894;142;6;68;Soyo;x
895;135;209;77;Luanda;x
896;;;;;x
897;121;23;91;Alto Zambeze;x
898;116;131;46;Lumbala Nguimbo;x
899;;;;;x
900;32;63;14;Macia;x
901;241;99;30;Massingir;x
902;201;210;185;Xai-Xai;x
903;159;133;213;Mapai;x
904;241;100;130;Chigubo;x
905;114;201;154;Machaze;x
906;43;137;114;Chimoio;x
907;116;31;127;Guro;x
908;241;154;82;Maputo;x
909;204;45;31;Zumbo;x
910;37;29;158;Mague;x
911;215;30;28;Tete;x
912;202;14;216;Macanga;x
913;233;144;56;Doa;x
914;250;197;237;Beira;x
915;86;19;229;Mocimboa da Praia;x
916;148;144;67;Pemba-Metuge;x
917;182;170;204;Montepuez;x
918;206;23;21;Chiure;x
919;222;250;147;Angoche;x
920;249;244;253;Nacala;x
921;149;43;52;Mozambique;x
922;162;157;120;Namapa;x
923;220;111;228;Nampula;x
924;83;21;246;Ribaue;x
925;98;105;92;Inharrime;x
926;163;128;228;Inhambane;x
927;227;223;219;Massinga;x
928;58;152;53;Inhassoro;x
929;232;25;58;Mabote;x
930;141;109;53;Buzi;x
931;47;247;228;Chemba;x
932;81;143;111;Marromeu;x
933;255;45;21;Nhamatanda;x
934;85;40;134;Pebane;x
935;142;166;205;Gurue;x
936;71;116;213;Alto Molocue;x
937;117;126;29;Mabu;x
938;109;229;186;Milange;x
939;118;169;88;Cuamba;x
940;57;175;43;Lago;x
941;128;113;189;Mecula;x
942;162;81;203;Maua;x
943;133;18;108;Mecanhelas;x
944;251;93;154;Sanga;x
945;219;87;123;N'gauma;x
946;92;27;94;Marrupa;x
947;80;49;189;Majune;x
948;249;237;45;Manhica;x
949;149;132;133;Matutuine;x
950;26;218;156;Guija;x
951;176;2;100;Cheredzi;x
952;131;155;27;Mwenezi;x
953;74;243;204;Blantyre;x
954;168;254;254;Masvingo;x
955;249;221;33;Gutu;x
956;235;84;72;Bikita;x
957;138;58;185;Chikhwawa;x
958;206;59;115;Beitbridge;x
959;43;192;188;Gwanda;x
960;63;155;61;Gokwe;x
961;169;174;13;Gweru;x
962;237;12;57;Hurungwe;x
963;163;11;146;Kariba;x
964;224;63;15;Hwange;x
965;74;249;242;Binga;x
966;145;204;82;Harare;x
967;33;225;139;Chikomba;x
968;85;42;207;Marondera;x
969;54;58;178;Mutoko;x
970;12;21;160;Mutare;x
971;146;196;81;Chipinge;x
972;92;217;161;Nyanga;x
973;7;186;64;Bindura;x
974;226;117;49;Muzarabani;x
975;51;123;172;Bulawayo;x
976;121;86;123;Lupane;x
977;111;60;87;Bulilima;x
978;135;251;74;Insiza;x
979;191;22;13;Zvishavane;x
980;249;148;97;Kwekwe;x
981;189;209;66;Chinhoyi;x
982;3;214;237;Mhondoro-Ngezi;x
983;80;31;9;Zomba;x
984;252;65;80;Mangochi;x
985;117;127;171;Dedza;x
986;35;126;170;Kusungu;x
987;255;86;86;Kruger;x
988;224;140;87;Nkhata Bay;x
989;145;108;105;Nkhotakhota;x
990;222;118;13;Lilongwe;x
991;2;53;46;Mzimba;x
992;206;162;111;Rhumpi;x
993;243;70;148;Mpika;x
994;213;176;234;Kaputa;x
995;54;174;247;Lusaka;x
996;193;140;214;Chongwe;x
997;232;189;60;Chipata;x
998;154;230;142;Lundazi;x
999;150;165;4;Chama;x
1000;97;94;133;Nyimba;x
1001;124;148;81;Petauke;x
1002;57;132;183;Serenje;x
1003;137;9;196;Solwezi;x
1004;240;92;231;Lufwanyama;x
1005;38;209;162;Chingola;x
1006;244;225;26;Kabwe;x
1007;171;135;96;Luanshya;x
1008;127;229;163;Mumbwa;x
1009;16;210;56;Mkushi;x
1010;254;194;103;Sesheke;x
1011;170;65;150;Kapiri Mposhi;x
1012;249;14;231;Mwinilunga;x
1013;160;199;245;Zambezi;x
1014;103;66;13;Kasempa;x
1015;174;205;10;Itezhi Tezhi;x
1016;144;145;57;Kazungula;x
1017;243;162;55;Choma;x
1018;104;2;12;Siavonga;x
1019;79;2;114;Kaoma;x
1020;200;238;187;Senanga;x
1021;157;172;98;Mongu;x
1022;105;103;227;Mansa;x
1023;199;52;166;Nchelenge;x
1024;73;245;132;Kawambwa;x
1025;59;191;191;Kasama;x
1026;58;122;114;Mbala;x
1027;120;143;31;Luwingu;x
1028;6;135;205;Mporokoso;x
1029;18;60;141;Isoka;x
1030;110;10;172;Chinsali;x
1031;27;57;25;Sakania;x
1032;190;84;209;Lubumbashi;x
1033;236;118;230;Mitwaba;x
1034;193;36;144;Pweto;x
1035;122;134;213;Moba;x
1036;91;197;5;Lubudi;x
1037;141;234;221;Kolwezi;x
1038;13;84;149;Likasi;x
1039;154;236;179;Kasenga;x
1040;79;34;255;Dilolo;x
1041;177;10;246;Sandoa;x
1042;89;204;46;Kapanga;x
1043;137;9;52;Kalemie;x
1044;57;228;48;Kongolo;x
1045;239;50;182;Kabalo;x
1046;86;115;214;Nyunzu;x
1047;159;231;29;Kaniama;x
1048;154;195;223;Kanima;x
1049;44;116;198;Bukama;x
1050;220;238;231;Manono;x
1051;86;163;173;Malemba-Nkulu;x
1052;172;70;199;Kabongo;x
1053;85;109;153;Mwene-Ditu;x
1054;63;99;204;Luiza;x
1055;101;170;254;Mbuji-Mayi;x
1056;64;245;148;Tshikapa;x
1057;215;185;61;Kabambere;x
1058;116;129;103;Kibombo;x
1059;13;215;153;Kindu;x
1060;90;90;146;Kasongo;x
1061;206;6;95;Shabunda;x
1062;95;218;103;Boma;x
1063;120;232;146;Kinshasa;x
1064;207;223;190;Luozi;x
1065;251;134;99;Cabinda;x
1066;39;41;168;Mbanza-Ngungu;x
1067;16;4;251;Matadi;x
1068;234;212;245;Kasongo-Lunda;x
1069;43;55;225;Kahemba;x
1070;14;198;205;Feshi;x
1071;13;25;4;Bandundu;x
1072;12;23;146;Bagata;x
1073;62;251;202;Kutu;x
1074;112;50;73;Bololo;x
1075;187;244;91;Mushie;x
1076;51;136;200;Inongo;x
1077;194;76;132;Lokumu;x
1078;170;58;166;Kikwit;x
1079;67;13;104;Idiofa;x
1080;173;174;97;Gungu;x
1081;255;197;83;Masi-Manimba;x
1082;239;49;78;Kenge;x
1083;191;118;28;Luebo;x
1084;33;226;169;Mweka;x
1085;127;115;114;Mbadaka;x
1086;30;213;2;Bokwango;x
1087;161;180;37;Gemena;x
1088;185;49;154;Bongadanga;x
1089;169;57;90;Basankusu;x
1090;211;118;117;Bolomba;x
1091;215;138;224;Lisala;x
1092;97;94;213;Libenge;x
1093;48;126;188;Yakoma;x
1094;196;139;145;Bosobolo;x
1095;220;235;4;Mobayi-Mbongo;x
1096;214;5;70;Irumu;x
1097;94;90;53;Djugu;x
1098;207;205;108;Mambasa;x
1099;108;13;50;Fizi;x
1100;124;205;224;Bukavu;x
1101;210;40;28;Kalehe;x
1102;198;206;169;Mwenga;x
1103;183;144;93;Gobabis;x
1104;88;233;158;Faradje;x
1105;132;147;111;Dungu;x
1106;199;13;105;Ango;x
1107;136;132;172;Bondo;x
1108;212;227;229;Budjala;x
1109;177;231;4;Businga;x
1110;32;79;57;Bumba;x
1111;166;249;159;Basoko;x
1112;110;23;244;Yahuma;x
1113;186;234;186;Kisangani;x
1114;212;201;171;Buta;x
1115;117;53;164;Aketi;x
1116;241;121;251;Ingende;x
1117;210;44;160;Kazumba;x
1118;207;84;252;Kananga;x
1119;1;193;104;Demba;x
1120;84;229;77;Dimbelenge;x
1121;65;174;145;Lubao;x
1122;186;92;217;Kabinda;x
1123;226;121;197;Ngandajika;x
1124;14;250;103;Lusambo;x
1125;162;188;15;Lubefu;x
1126;137;218;75;Isiro;x
1127;218;180;135;Mundri;x
1128;158;236;118;Wau;x
1129;18;241;138;Raga;x
1130;50;31;92;Al Fashir;x
1131;217;8;218;Al Junaynah;x
1132;160;141;225;Nyala;x
1133;240;85;227;Ouadda;x
1134;168;89;213;Gash-Barka;x
1135;93;80;183;Assab;x
1136;135;135;189;Massawa;x
1137;133;53;241;Asmara;x
1138;196;10;135;Anseba;x
1139;42;23;244;Djibouti;x
1140;146;37;107;Tadjoura;x
1141;166;111;237;Dahlak;x
1142;250;103;220;Dollo;x
1143;227;136;10;Jarar;x
1144;253;242;107;Fafan;x
1145;221;248;227;Sitti;x
1146;183;183;90;Korahe;x
1147;165;196;98;Liben;x
1148;166;190;31;Borena;x
1149;131;230;215;Afder;x
1150;11;186;99;Shabelle;x
1151;104;185;130;Guji;x
1152;37;200;6;Bale;x
1153;38;204;130;Nogob;x
1154;145;68;245;Arsi;x
1155;170;3;185;East Shewa;x
1156;170;81;196;Addis Ababa;x
1157;166;18;114;West Shewa;x
1158;166;36;193;Shewa Oromia;x
1159;214;190;223;Shewa Amhara;x
1160;211;75;255;East Gojjam;x
1161;247;58;213;West Gojjam;x
1162;164;138;203;West Hararghe;x
1163;238;40;28;West Arsi;x
1164;150;122;207;South Oms;x
1165;116;28;186;Bench Maji;x
1166;240;167;125;Anuak;x
1167;227;207;149;Metekel;x
1168;227;139;102;Agew Awi;x
1169;233;136;32;Horo Guduru Welega;x
1170;239;5;77;Segen;x
1171;122;7;245;Gedao;x
1172;236;155;39;Sidama;x
1173;196;247;165;Kelem Walega;x
1174;199;36;201;Illubabor;x
1175;134;101;251;Asosa;x
1176;196;59;19;West Welega;x
1177;152;102;251;East Welega;x
1178;140;45;109;Kamashi;x
1179;234;23;234;Keffa;x
1180;174;105;130;Sheka;x
1181;182;75;61;North Gondar;x
1182;112;92;5;South Gondar;x
1183;194;146;245;Wag Hemra;x
1184;187;40;71;West Tigray;x
1185;170;94;97;East Tigray;x
1186;251;135;53;North Wollo;x
1187;174;217;152;South Wollo;x
1188;145;17;32;Argobba;x
1189;208;7;215;South Afar;x
1190;139;106;200;North Afar;x
1191;173;144;219;Afar;x
1192;140;51;130;West Afar;x
1193;221;189;34;East Hararghe;x
1194;135;100;155;Jimma;x
1195;129;133;102;Gamo Gofa;x
1196;243;188;133;Dawro;x
1197;231;114;136;Gurage;x
1198;206;127;210;Hadiya;x
1199;176;17;123;Zallingi;x
1200;245;15;226;Omdurman;x
1201;218;40;148;Abu Hamed;x
1202;244;180;216;Ad Douiem;x
1203;153;19;145;Sinkat;x
1204;61;13;118;Port Sudan;x
1205;244;84;63;Nasser;x
1206;62;2;221;Al Goled;x
1207;87;36;142;Dongola;x
1208;255;244;248;En Nahud;x
1209;151;109;105;El Daein;x
1210;183;85;200;Shendi;x
1211;170;215;216;Tambura;x
1212;21;245;246;Gereida;x
1213;80;164;229;Al Manaqil;x
1214;42;201;253;Kurnuk;x
1215;105;210;172;Magwi;x
1216;143;183;122;Kapoeta;x
1217;237;141;148;Yei;x
1218;24;203;39;Yirol;x
1219;226;71;113;Kabkabiya;x
1220;205;67;51;;x
1221;181;192;239;Melut;x
1222;242;177;186;Nakfa;x
1223;97;25;199;Abacheri;x
1224;255;72;64;Cape Town;x
1225;225;223;6;Port Elizabeth;x
1226;163;161;7;East London;x
1227;9;119;0;Durban;x
1228;19;67;15;KwaDukuza;x
1229;10;83;4;Hibberdene;x
1230;6;75;0;Port Shepstone;x
1231;217;89;79;Stellenbosch;x
1232;104;16;1;Vredenburg;x
1233;145;31;17;Piketberg;x
1234;92;3;1;Winterhoek;x
1235;99;1;1;Vredendal;x
1236;65;179;85;Kamiesburg;x
1237;65;207;85;Nama Khoi;x
1238;20;140;92;Khara Hais;x
1239;65;194;85;Richtersveld;x
1240;60;202;85;Karoo Hoogland;x
1241;65;192;80;Khai-Ma;x
1242;48;154;96;Hantam;x
1243;7;100;17;Mier;x
1244;7;87;17;Kai Garib;x
1245;46;113;22;Kheis;x
1246;109;144;46;Tsantsabane;x
1247;4;92;20;Kgatelopele;x
1248;32;53;20;Moshaweng;x
1249;29;138;119;Ga-Segonyana;x
1250;20;131;27;Dikgatlong;x
1251;47;85;39;Sol Plaatje;x
1252;127;222;28;Emthanjeni;x
1253;94;165;37;Kareeberg;x
1254;17;233;6;Renosterberg;x
1255;38;91;8;Thembelihle;x
1256;47;177;109;Umsobomvu;x
1257;18;235;7;Ubuntu;x
1258;11;225;0;Siyathemba;x
1259;0;255;45;Siyancuma;x
1260;142;161;0;Kagisano-Molopo;x
1261;43;28;215;Polokwane;x
1262;215;223;224;Fotadrevo;x
1263;5;57;106;Blouberg;x
1264;8;12;81;Molemole;x
1265;111;118;240;Makhado;x
1266;72;141;247;Musina;x
1267;135;140;242;Thulamela;x
1268;104;122;208;Ba-Phalaborwa;x
1269;69;77;234;Greater Giyani;x
1270;89;97;230;Greater Tzaneen;x
1271;140;143;185;Fetakgomo-Tubatse;x
1272;151;152;176;Makhuduthamaga;x
1273;169;171;210;Elias Motsoaledi;x
1274;57;54;200;Thabazimbi;x
1275;13;10;200;Lephalale;x
1276;56;108;134;Bela-Bela;x
1277;25;33;178;Mogalakwena;x
1278;13;20;159;Modimolle;x
1279;66;233;53;Richards Bay;x
1280;54;248;38;Pietermaritzburg;x
1281;215;239;37;Pretoria;x
1282;137;255;103;Bronkhorstspruit;x
1283;80;239;34;Vereeniging;x
1284;74;123;59;Soweto;x
1285;69;140;25;Johannesburg;x
1286;238;254;119;Potchefstroom;x
1287;188;185;156;Matlosana;x
1288;163;47;47;Berea;x
1289;196;31;31;Maseru;x
1290;194;34;34;Leribe;x
1291;213;29;29;Mohale's Hoek;x
1292;181;7;7;Mafeteng;x
1293;231;23;23;Thaba-Tseka;x
1294;161;9;9;Mokhotlong;x
1295;122;55;42;Hermanus;x
1296;120;50;47;Cape Agulhas;x
1297;191;22;6;Hessequa;x
1298;235;84;79;Langeberg;x
1299;214;89;91;Breede;x
1300;209;22;14;Oudtshoorn;x
1301;227;19;6;George;x
1302;209;14;14;South Cape;x
1303;202;142;142;Laingsburg;x
1304;195;135;150;Prince Albert;x
1305;220;145;135;Beaufort West;x
1306;83;95;7;Kou-Kamma;x
1307;105;101;16;Blue Crane;x
1308;158;108;44;Makana;x
1309;123;88;34;Uitenhage;x
1310;142;173;102;Camdeboo;x
1311;105;119;21;Baviaans;x
1312;247;239;143;Nkonkobe;x
1313;255;255;4;Morgans Bay;x
1314;237;250;9;Mbhashe;x
1315;248;248;155;Mthatha;x
1316;245;224;196;Port St Johns;x
1317;240;239;90;Umzimvubu;x
1318;250;249;96;Matatiele;x
1319;148;246;140;Kokstad;x
1320;159;254;152;Ingwe;x
1321;55;222;42;uMngeni;x
1322;112;250;101;Ladysmith;x
1323;76;171;223;Maluti-a-Phofung;x
1324;50;61;145;Bethlehem;x
1325;36;49;147;Setsoto;x
1326;1;20;164;Bloemfontein;x
1327;190;197;252;Mohokare;x
1328;17;133;8;Ulundi;x
1329;187;194;248;Letsemeng;x
1330;90;137;86;Mtubatuba;x
1331;76;151;70;Sibayi;x
1332;29;197;16;KwaDukuza;x
1333;184;255;178;Newcastle;x
1334;80;127;77;Dundee;x
1335;33;153;24;Vryheid;x
1336;21;141;11;Paulpietersburg;x
1337;93;137;89;Umvoti;x
1338;196;69;244;Lubombo;x
1339;133;122;201;Hhohho;x
1340;152;40;194;Manzini;x
1341;240;51;156;Shiselweni;x
1342;169;57;57;Albert Luthuli;x
1343;220;69;13;Thembisile Hani;x
1344;252;12;12;Emalahleni;x
1345;227;9;9;Emakhazeni;x
1346;196;83;83;Standerton;x
1347;184;69;69;Ermelo;x
1348;197;71;71;Piet Retief;x
1349;210;217;96;Inxuba Yethemba;x
1350;210;196;106;Enoch Mgijima;x
1351;210;214;116;Lady Frere;x
1352;196;200;114;Engcobo;x
1353;178;186;243;Kopanong;x
1354;129;129;12;Walter Sisulu;x
1355;152;110;5;Senqu;x
1356;131;130;17;Elundini;x
1357;252;238;30;Amahlathi;x
1358;3;20;151;Mafube;x
1359;3;17;123;Ngwathe;x
1360;8;25;152;Moqhaka;x
1361;73;152;239;Matjhabeng;x
1362;45;70;251;Nala;x
1363;76;96;247;Masilonyana;x
1364;27;108;202;Tswelopele;x
1365;51;75;255;Tokologo;x
1366;107;122;0;Mamusa;x
1367;197;173;4;Greater Taung;x
1368;118;133;3;Vryburg;x
1369;100;106;58;Ditsobotla;x
1370;139;92;91;Mahikeng;x
1371;99;106;52;Moses Kotane;x
1372;112;119;66;Rustenburg;x
1373;126;172;146;Mahalapye;x
1374;92;103;86;Bobonong;x
1375;109;63;74;Makgadikgadi;x
1376;181;34;154;Lodja;x
1377;72;74;227;Lomela;x
1378;75;214;60;Banalia;x
1379;194;123;72;Kole;x
1380;63;229;225;Mpole;x
1381;29;253;92;Gendo;x
1382;255;11;102;Boyeka;x
1383;89;132;83;Dongo;x
1384;136;44;111;Dongou;x
1385;249;113;64;Etoumbi;x
1386;85;215;108;Beu;x
1387;84;145;188;Madimba;x
1388;86;89;201;Shilabo;x
1389;14;209;85;Mwenga;x
1390;112;185;137;Beni;x
1391;113;130;32;Butembo;x
1392;3;154;8;Kanya Bayonga;x
1393;105;128;188;Kashebere;x
1394;208;148;24;Mahagi;x
1395;224;43;223;Kakuma;x
1396;218;158;209;Sibiloi;x
1397;228;252;191;Gao;x
1398;220;207;2;Dire;x
1399;214;110;2;Kwahu;x
1400;45;73;149;Oshwe;x
1401;200;89;225;Chigamane;x
1402;211;171;19;Mavume;x
1403;82;158;177;Catandica;x
1404;167;32;216;Regone;x
1405;111;127;30;Nametil;x
1406;92;239;78;Mueda;x
1407;85;171;158;Garsen;x
1408;143;168;76;Mombasa;x
1409;239;124;47;Sekyere;x
1410;203;128;134;Soum;x
1411;246;148;113;Passore;x
1412;235;152;30;Zoundweogo;x
1413;223;166;116;Boulgou;x
1414;120;175;79;Moramanga;x
1415;151;194;53;Mufumbwe;x
1416;126;49;20;Mpongwe;x
1417;176;40;144;Mazabuka;x
1418;92;163;107;Kismayo;x
1419;58;73;207;Afmadow;x
1420;98;145;51;Middle Juba;x
1421;203;212;29;Bardhere;x
1422;120;236;136;Garbaharey;x
1423;236;211;120;Barawa;x
1424;212;145;71;Merca;x
1425;38;110;102;Mogadishu;x
1426;110;71;212;;;;;x
1427;212;71;134;Baay;x
1428;206;163;3;Shabeellaha;x
1429;44;16;83;Buuloburde;x
1430;26;141;182;Dhusamareeb;x
1431;19;107;51;El Buur;x
1432;121;59;16;Haradhere;x
1433;74;183;179;Hobyo;x
1434;236;234;160;Galkayo;x
1435;74;113;183;Nugaal;x
1436;222;83;51;Karkaar;x
1437;92;14;90;Guardafui;x
1438;46;81;53;Bosaso;x
1439;92;114;139;Badhan;x
1440;36;198;83;Erigavo;x
1441;169;71;82;Khaatumo;x
1442;198;36;54;Sool;x
1443;21;72;99;Buuhoodle;x
1444;151;166;72;Burao;x
1445;80;64;4;Sahil;x
1446;58;140;182;Hargeysa;x
1447;63;69;123;Awdal;x
1448;19;31;107;Bakool;x
1449;27;107;19;Beledweyne;x
1450;171;106;99;Moheli;x
1451;226;103;6;Anjouan;x
1452;200;173;133;Grande Terre;x
1453;249;85;17;Socotra;x
1454;157;232;195;Farasan;x
1455;;;;;x
1456;;;;;x
1457;;;;;x
1458;;;;;x
1459;;;;;x
1460;;;;;x
1461;;;;;x
1462;;;;;x
1463;;;;;x
1464;;;;;x
1465;;;;;x
1466;;;;;x
1467;;;;;x
1468;;;;;x
1469;;;;;x
1470;;;;;x
1471;;;;;x
1472;;;;;x
1473;;;;;x
1474;;;;;x
1475;;;;;x
1476;;;;;x
1477;;;;;x
1478;;;;;x
1479;;;;;x
1480;;;;;x
1481;;;;;x
1482;;;;;x
1483;;;;;x
1484;;;;;x
1485;;;;;x
1486;;;;;x
1487;;;;;x
1488;;;;;x
1489;;;;;x
1490;;;;;x
1491;;;;;x
1492;;;;;x
1493;;;;;x
1494;;;;;x
1495;;;;;x
1496;;;;;x
1497;;;;;x
1498;;;;;x
1499;;;;;x
1500;50;200;186;Cape Verde Waters;x
1501;116;240;240;Mauretanian Coast;x
1502;126;254;223;Senegalese Coast;x
1503;53;166;255;Guinean Coast;x
1504;17;145;194;Freetown Coast;x
1505;0;174;239;Monrovian Coast;x
1506;31;162;212;Cape Palmas;x
1507;7;238;179;Ivory Coast;x
1508;31;232;243;Ghanan Coast;x
1509;88;253;169;Lagos Coast;x
1510;49;241;213;Bight of Bonny;x
1511;15;185;133;Equatorial Coast;x
1512;42;124;151;Outer Bight of Bonny;x
1513;21;153;135;Outer Gulf of Guinea;x
1514;51;137;139;Outer Gulf of Guinea;x
1515;143;200;253;Gabon Coast;x
1516;40;134;187;Congolese Coast;x
1517;32;117;196;Angolan Coast;x
1518;47;202;213;Namibe Coast;x
1519;157;252;208;Skeleton Coast;x
1520;2;197;187;Namibian Coast;x
1521;10;232;185;West Coast;x
1522;38;188;116;Cape of Good Hope;x
1523;53;236;159;South Coast;x
1524;71;156;155;Elizabeth Coast;x
1525;78;215;90;East Coast;x
1526;11;206;254;Durban Coast;x
1527;75;244;173;Maputo Coast;x
1528;60;221;179;Mozambique Channel;x
1529;106;246;202;Mozambique Channel;x
1530;58;195;114;Mozambique Channel;x
1531;8;161;228;Southern Zanzibar;x
1532;19;119;251;Northern Zanzibar;x
1533;107;222;116;Mozambique Channel;x
1534;73;132;250;Mozambique Channel;x
1535;44;205;145;Mozambique Channel;x
1536;55;215;158;Comoro Islands;x
1537;45;78;188;Outer Mauritius;x
1538;65;148;252;Mauritius Waters;x
1539;127;226;182;Northern Madagascar Coast;x
1540;16;68;238;Antalaha Coast;x
1541;9;143;239;Toamasina Coast;x
1542;24;233;207;Manakara Coast;x
1543;45;176;166;Southern Madagascar Coast;x
1544;31;96;126;Southern Indian Ocean;x
1545;125;248;204;Outer Zanzibar;x
1546;79;222;160;Southern Somalian Coast;x
1547;33;158;124;Mogadishu Coast;x
1548;44;152;148;Somalian Coast;x
1549;128;192;190;Northern Somalian Coast;x
1550;50;136;115;Socotra Waters;x
1551;81;127;194;Omani Coast;x
1552;36;103;230;Outer Gulf of Aden;x
1553;22;140;92;Gulf of Aden;x
1554;18;222;187;Red Sea;x
1555;2;181;161;Arabian Coast;x
1556;144;205;183;Sudanese Coast;x
1557;144;242;192;Seychelles;x
1558;42;209;131;Seychelles;x
1559;54;168;131;Seychelles;x
1560;;;;;x
1561;;;;;x
1562;;;;;x
1563;;;;;x
1564;;;;;x
1565;;;;;x
1566;;;;;x
1567;;;;;x
1568;;;;;x
1569;;;;;x
1570;;;;;x
1571;;;;;x
1572;;;;;x
1573;;;;;x
1574;;;;;x
1575;;;;;x
1576;;;;;x
1577;;;;;x
1578;;;;;x
1579;;;;;x
1580;;;;;x
1581;;;;;x
1582;;;;;x
1583;;;;;x
1584;;;;;x
1585;;;;;x
1586;;;;;x
1587;;;;;x
1588;;;;;x
1589;;;;;x
1590;;;;;x
1591;;;;;x
1592;;;;;x
1593;;;;;x
1594;;;;;x
1595;;;;;x
1596;;;;;x
1597;;;;;x
1598;;;;;x
1599;;;;;x
1600;;;;;x
1601;;;;;x
1602;;;;;x
1603;;;;;x
1604;;;;;x
1605;;;;;x
1606;;;;;x
1607;;;;;x
1608;;;;;x
1609;;;;;x
1610;;;;;x
1611;;;;;x
1612;;;;;x
1613;;;;;x
1614;;;;;x
1615;;;;;x
1616;;;;;x
1617;;;;;x
1618;;;;;x
1619;;;;;x
1620;;;;;x
1621;;;;;x
1622;;;;;x
1623;;;;;x
1624;;;;;x
1625;;;;;x
1626;;;;;x
1627;;;;;x
1628;;;;;x
1629;;;;;x
1630;;;;;x
1631;;;;;x
1632;;;;;x
1633;;;;;x
1634;;;;;x
1635;;;;;x
1636;;;;;x
1637;;;;;x
1638;;;;;x
1639;;;;;x
1640;;;;;x
1641;;;;;x
1642;;;;;x
1643;;;;;x
1644;;;;;x
1645;;;;;x
1646;;;;;x
1647;;;;;x
1648;;;;;x
1649;;;;;x
1650;;;;;x
1651;;;;;x
1652;;;;;x
1653;;;;;x
1654;;;;;x
1655;;;;;x
1656;;;;;x
1657;;;;;x
1658;;;;;x
1659;;;;;x
1660;;;;;x
1661;;;;;x
1662;;;;;x
1663;;;;;x
1664;;;;;x
1665;;;;;x
1666;;;;;x
1667;;;;;x
1668;;;;;x
1669;;;;;x
1670;;;;;x
1671;;;;;x
1672;;;;;x
1673;;;;;x
1674;;;;;x
1675;;;;;x
1676;;;;;x
1677;;;;;x
1678;;;;;x
1679;;;;;x
1680;;;;;x
1681;;;;;x
1682;;;;;x
1683;;;;;x
1684;;;;;x
1685;;;;;x
1686;;;;;x
1687;;;;;x
1688;;;;;x
1689;;;;;x
1690;;;;;x
1691;;;;;x
1692;;;;;x
1693;;;;;x
1694;;;;;x
1695;;;;;x
1696;;;;;x
1697;;;;;x
1698;;;;;x
1699;;;;;x
1700;;;;;x
1701;;;;;x
1702;;;;;x
1703;;;;;x
1704;;;;;x
1705;;;;;x
1706;;;;;x
1707;;;;;x
1708;;;;;x
1709;;;;;x
1710;;;;;x
1711;;;;;x
1712;;;;;x
1713;;;;;x
1714;;;;;x
1715;;;;;x
1716;;;;;x
1717;;;;;x
1718;;;;;x
1719;;;;;x
1720;;;;;x
1721;;;;;x
1722;;;;;x
1723;;;;;x
1724;;;;;x
1725;;;;;x
1726;;;;;x
1727;;;;;x
1728;;;;;x
1729;;;;;x
1730;;;;;x
1731;;;;;x
1732;;;;;x
1733;;;;;x
1734;;;;;x
1735;;;;;x
1736;;;;;x
1737;;;;;x
1738;;;;;x
1739;;;;;x
1740;;;;;x
1741;;;;;x
1742;;;;;x
1743;;;;;x
1744;;;;;x
1745;;;;;x
1746;;;;;x
1747;;;;;x
1748;;;;;x
1749;;;;;x
1750;;;;;x
1751;;;;;x
1752;;;;;x
1753;;;;;x
1754;;;;;x
1755;;;;;x
1756;;;;;x
1757;;;;;x
1758;;;;;x
1759;;;;;x
1760;;;;;x
1761;;;;;x
1762;;;;;x
1763;;;;;x
1764;;;;;x
1765;;;;;x
1766;;;;;x
1767;;;;;x
1768;;;;;x
1769;;;;;x
1770;;;;;x
1771;;;;;x
1772;;;;;x
1773;;;;;x
1774;;;;;x
1775;;;;;x
1776;;;;;x
1777;;;;;x
1778;;;;;x
1779;;;;;x
1780;;;;;x
1781;;;;;x
1782;;;;;x
1783;;;;;x
1784;;;;;x
1785;;;;;x
1786;;;;;x
1787;;;;;x
1788;;;;;x
1789;;;;;x
1790;;;;;x
1791;;;;;x
1792;;;;;x
1793;;;;;x
1794;;;;;x
1795;;;;;x
1796;;;;;x
1797;;;;;x
1798;;;;;x
1799;;;;;x
1800;;;;;x
1801;;;;;x
1802;;;;;x
1803;;;;;x
1804;;;;;x
1805;;;;;x
1806;;;;;x
1807;;;;;x
1808;;;;;x
1809;;;;;x
1810;;;;;x
1811;;;;;x
1812;;;;;x
1813;;;;;x
1814;;;;;x
1815;;;;;x
1816;;;;;x
1817;;;;;x
1818;;;;;x
1819;;;;;x
1820;;;;;x
1821;;;;;x
1822;;;;;x
1823;;;;;x
1824;;;;;x
1825;;;;;x
1826;;;;;x
1827;;;;;x
1828;;;;;x
1829;;;;;x
1830;;;;;x
1831;;;;;x
1832;;;;;x
1833;;;;;x
1834;;;;;x
1835;;;;;x
1836;;;;;x
1837;;;;;x
1838;;;;;x
1839;;;;;x
1840;;;;;x
1841;;;;;x
1842;;;;;x
1843;;;;;x
1844;;;;;x
1845;;;;;x
1846;;;;;x
1847;;;;;x
1848;;;;;x
1849;;;;;x
1850;;;;;x
1851;;;;;x
1852;;;;;x
1853;;;;;x
1854;;;;;x
1855;;;;;x
1856;;;;;x
1857;;;;;x
1858;;;;;x
1859;;;;;x
1860;;;;;x
1861;;;;;x
1862;;;;;x
1863;;;;;x
1864;;;;;x
1865;;;;;x
1866;;;;;x
1867;;;;;x
1868;;;;;x
1869;;;;;x
1870;;;;;x
1871;;;;;x
1872;;;;;x
1873;;;;;x
1874;;;;;x
1875;;;;;x
1876;;;;;x
1877;;;;;x
1878;;;;;x
1879;;;;;x
1880;;;;;x
1881;;;;;x
1882;;;;;x
1883;;;;;x
1884;;;;;x
1885;;;;;x
1886;;;;;x
1887;;;;;x
1888;;;;;x
1889;;;;;x
1890;;;;;x
1891;;;;;x
1892;;;;;x
1893;;;;;x
1894;;;;;x
1895;;;;;x
1896;;;;;x
1897;;;;;x
1898;;;;;x
1899;;;;;x
1900;;;;;x
1901;;;;;x
1902;;;;;x
1903;;;;;x
1904;;;;;x
1905;;;;;x
1906;;;;;x
1907;;;;;x
1908;;;;;x
1909;;;;;x
1910;;;;;x
1911;;;;;x
1912;;;;;x
1913;;;;;x
1914;;;;;x
1915;;;;;x
1916;;;;;x
1917;;;;;x
1918;;;;;x
1919;;;;;x
1920;;;;;x
1921;;;;;x
1922;;;;;x
1923;;;;;x
1924;;;;;x
1925;;;;;x
1926;;;;;x
1927;;;;;x
1928;;;;;x
1929;;;;;x
1930;;;;;x
1931;;;;;x
1932;;;;;x
1933;;;;;x
1934;;;;;x
1935;;;;;x
1936;;;;;x
1937;;;;;x
1938;;;;;x
1939;;;;;x
1940;;;;;x
1941;;;;;x
1942;;;;;x
1943;;;;;x
1944;;;;;x
1945;;;;;x
1946;;;;;x
1947;;;;;x
1948;;;;;x
1949;;;;;x
1950;;;;;x
1951;;;;;x
1952;;;;;x
1953;;;;;x
1954;;;;;x
1955;;;;;x
1956;;;;;x
1957;;;;;x
1958;;;;;x
1959;;;;;x
1960;;;;;x
1961;;;;;x
1962;;;;;x
1963;;;;;x
1964;;;;;x
1965;;;;;x
1966;;;;;x
1967;;;;;x
1968;;;;;x
1969;;;;;x
1970;;;;;x
1971;;;;;x
1972;;;;;x
1973;;;;;x
1974;;;;;x
1975;;;;;x
1976;;;;;x
1977;;;;;x
1978;;;;;x
1979;;;;;x
1980;;;;;x
1981;;;;;x
1982;;;;;x
1983;;;;;x
1984;;;;;x
1985;;;;;x
1986;;;;;x
1987;;;;;x
1988;;;;;x
1989;;;;;x
1990;;;;;x
1991;;;;;x
1992;;;;;x
1993;;;;;x
1994;;;;;x
1995;;;;;x
1996;;;;;x
1997;;;;;x
1998;;;;;x
1999;;;;;x
2000;;;;;x
2001;;;;;x
2002;;;;;x
2003;;;;;x
2004;;;;;x
2005;;;;;x
2006;;;;;x
2007;;;;;x
2008;;;;;x
2009;;;;;x
2010;;;;;x
2011;;;;;x
2012;;;;;x
2013;;;;;x
2014;;;;;x
2015;;;;;x
2016;;;;;x
2017;;;;;x
2018;;;;;x
2019;;;;;x
2020;;;;;x
2021;;;;;x
2022;;;;;x
2023;;;;;x
2024;;;;;x
2025;;;;;x
2026;;;;;x
2027;;;;;x
2028;;;;;x
2029;;;;;x
2030;;;;;x
2031;;;;;x
2032;;;;;x
2033;;;;;x
2034;;;;;x
2035;;;;;x
2036;;;;;x
2037;;;;;x
2038;;;;;x
2039;;;;;x
2040;;;;;x
2041;;;;;x
2042;;;;;x
2043;;;;;x
2044;;;;;x
2045;;;;;x
2046;;;;;x
2047;;;;;x
2048;;;;;x
2049;;;;;x
2050;;;;;x
2051;;;;;x
2052;;;;;x
2053;;;;;x
2054;;;;;x
2055;;;;;x
2056;;;;;x
2057;;;;;x
2058;;;;;x
2059;;;;;x
2060;;;;;x
2061;;;;;x
2062;;;;;x
2063;;;;;x
2064;;;;;x
2065;;;;;x
2066;;;;;x
2067;;;;;x
2068;;;;;x
2069;;;;;x
2070;;;;;x
2071;;;;;x
2072;;;;;x
2073;;;;;x
2074;;;;;x
2075;;;;;x
2076;;;;;x
2077;;;;;x
2078;;;;;x
2079;;;;;x
2080;;;;;x
2081;;;;;x
2082;;;;;x
2083;;;;;x
2084;;;;;x
2085;;;;;x
2086;;;;;x
2087;;;;;x
2088;;;;;x
2089;;;;;x
2090;;;;;x
2091;;;;;x
2092;;;;;x
2093;;;;;x
2094;;;;;x
2095;;;;;x
2096;;;;;x
2097;;;;;x
2098;;;;;x
2099;;;;;x
2100;;;;;x
2101;;;;;x
2102;;;;;x
2103;;;;;x
2104;;;;;x
2105;;;;;x
2106;;;;;x
2107;;;;;x
2108;;;;;x
2109;;;;;x
2110;;;;;x
2111;;;;;x
2112;;;;;x
2113;;;;;x
2114;;;;;x
2115;;;;;x
2116;;;;;x
2117;;;;;x
2118;;;;;x
2119;;;;;x
2120;;;;;x
2121;;;;;x
2122;;;;;x
2123;;;;;x
2124;;;;;x
2125;;;;;x
2126;;;;;x
2127;;;;;x
2128;;;;;x
2129;;;;;x
2130;;;;;x
2131;;;;;x
2132;;;;;x
2133;;;;;x
2134;;;;;x
2135;;;;;x
2136;;;;;x
2137;;;;;x
2138;;;;;x
2139;;;;;x
2140;;;;;x
2141;;;;;x
2142;;;;;x
2143;;;;;x
2144;;;;;x
2145;;;;;x
2146;;;;;x
2147;;;;;x
2148;;;;;x
2149;;;;;x
2150;;;;;x
2151;;;;;x
2152;;;;;x
2153;;;;;x
2154;;;;;x
2155;;;;;x
2156;;;;;x
2157;;;;;x
2158;;;;;x
2159;;;;;x
2160;;;;;x
2161;;;;;x
2162;;;;;x
2163;;;;;x
2164;;;;;x
2165;;;;;x
2166;;;;;x
2167;;;;;x
2168;;;;;x
2169;;;;;x
2170;;;;;x
2171;;;;;x
2172;;;;;x
2173;;;;;x
2174;;;;;x
2175;;;;;x
2176;;;;;x
2177;;;;;x
2178;;;;;x
2179;;;;;x
2180;;;;;x
2181;;;;;x
2182;;;;;x
2183;;;;;x
2184;;;;;x
2185;;;;;x
2186;;;;;x
2187;;;;;x
2188;;;;;x
2189;;;;;x
2190;;;;;x
